file_name,humor_style,emotion
p12_orig_neutral_or984,Neutral,anger
p35_orig_neutral_or1320,Neutral,anger
p13_orig_neutral_or1017,Neutral,anger
p12_orig_neutral_or1003,Neutral,anger
p27_orig_neutral_or591,Neutral,anger
p15_orig_neutral_or598,Neutral,anger
p18_orig_neutral_or1095,Neutral,anger
p25_orig_neutral_or514,Neutral,anger
p42_orig_neutral_or614,Neutral,anger
p04_orig_neutral_or1353,Neutral,anger
p02_orig_neutral_or1149,Neutral,anger
p23_orig_neutral_or1193,Neutral,anger
p23_orig_neutral_or1202,Neutral,anger
p42_orig_neutral_or111,Neutral,anger
p42_orig_neutral_or703,Neutral,anger
p44_orig_neutral_or170,Neutral,anger
p01_orig_neutral_or943,Neutral,anger
p07_orig_neutral_or1419,Neutral,anger
p18_orig_neutral_or1102,Neutral,anger
p22_orig_neutral_or1174,Neutral,anger
p14_orig_neutral_or1029,Neutral,empathy
p49_orig_neutral_or146,Neutral,empathy
p29_orig_neutral_or549,Neutral,empathy
p07_orig_neutral_or1407,Neutral,empathy
p27_orig_neutral_or36,Neutral,empathy
p47_orig_neutral_or523,Neutral,empathy
p07_orig_neutral_or1417,Neutral,empathy
p03_orig_neutral_or1245,Neutral,empathy
p09_orig_neutral_or1454,Neutral,empathy
p21_orig_neutral_or383,Neutral,empathy
p48_orig_neutral_or582,Neutral,empathy
p06_orig_neutral_or1403,Neutral,empathy
p31_orig_neutral_or147,Neutral,empathy
p25_orig_neutral_or432,Neutral,empathy
p30_orig_neutral_or87,Neutral,empathy
p40_orig_neutral_or849,Neutral,empathy
p16_orig_neutral_or168,Neutral,empathy
p18_orig_neutral_or1106,Neutral,empathy
p18_orig_neutral_or1090,Neutral,empathy
p47_orig_neutral_or902,Neutral,empathy
p09_orig_neutral_or1451,Neutral,empathy
p48_orig_neutral_or153,Neutral,empathy
p24_orig_neutral_or1217,Neutral,empathy
p15_orig_neutral_or1053,Neutral,empathy
p41_orig_neutral_or384,Neutral,superiority
p35_orig_neutral_or1323,Neutral,superiority
p35_orig_neutral_or1331,Neutral,superiority
p37_orig_neutral_or675,Neutral,superiority
p39_orig_neutral_or805,Neutral,superiority
p07_orig_neutral_or1413,Neutral,superiority
p36_orig_neutral_or487,Neutral,superiority
p07_orig_neutral_or588,Neutral,superiority
p46_orig_neutral_or835,Neutral,embarrassment
p42_orig_neutral_or578,Neutral,embarrassment
p08_orig_neutral_or1439,Neutral,embarrassment
p38_orig_neutral_or615,Neutral,embarrassment
p24_orig_neutral_or1224,Neutral,embarrassment
p43_orig_neutral_or636,Neutral,embarrassment
p12_orig_neutral_or998,Neutral,embarrassment
p12_orig_neutral_or991,Neutral,embarrassment
p15_orig_neutral_or1047,Neutral,embarrassment
p08_orig_neutral_or1435,Neutral,embarrassment
p26_orig_neutral_or39,Neutral,embarrassment
p48_orig_neutral_or127,Neutral,embarrassment
p40_orig_neutral_or565,Neutral,embarrassment
p37_orig_neutral_or643,Neutral,embarrassment
p05_orig_neutral_or1379,Neutral,neutral
p44_orig_neutral_or495,Neutral,neutral
p47_orig_neutral_or526,Neutral,neutral
p09_orig_neutral_or1457,Neutral,neutral
p49_orig_neutral_or419,Neutral,neutral
p01_orig_neutral_or940,Neutral,neutral
p25_orig_neutral_or674,Neutral,neutral
p14_orig_neutral_or1022,Neutral,neutral
p32_orig_neutral_or918,Neutral,neutral
p03_orig_neutral_or1234,Neutral,neutral
p13_orig_neutral_or1007,Neutral,neutral
p31_orig_neutral_or192,Neutral,neutral
p26_orig_neutral_or136,Neutral,neutral
p05_orig_neutral_or1370,Neutral,neutral
p43_orig_neutral_or195,Neutral,neutral
p43_orig_neutral_or45,Neutral,neutral
p19_orig_neutral_or1115,Neutral,neutral
p35_orig_neutral_or1337,Neutral,neutral
p19_orig_neutral_or1112,Neutral,neutral
p01_orig_neutral_or935,Neutral,neutral
p25_orig_neutral_or601,Neutral,neutral
p39_orig_neutral_or137,Neutral,neutral
p26_orig_neutral_or848,Neutral,neutral
p30_orig_neutral_or1251,Neutral,neutral
p43_orig_neutral_or2,Neutral,neutral
p36_orig_neutral_or471,Neutral,neutral
p41_orig_neutral_or864,Neutral,neutral
p09_orig_neutral_or1462,Neutral,neutral
p18_orig_neutral_or1099,Neutral,neutral
p33_orig_neutral_or1286,Neutral,neutral
p08_orig_neutral_or1431,Neutral,neutral
p02_orig_neutral_or1142,Neutral,neutral
p33_orig_neutral_or1281,Neutral,neutral
p24_orig_neutral_or1209,Neutral,neutral
p20_orig_neutral_or1157,Neutral,neutral
p41_orig_neutral_or193,Neutral,neutral
p20_orig_neutral_or1,Neutral,neutral
p37_orig_neutral_or190,Neutral,neutral
p25_orig_neutral_or154,Neutral,neutral
p23_orig_neutral_or1196,Neutral,neutral
p39_orig_neutral_or418,Neutral,neutral
p22_orig_neutral_or1179,Neutral,neutral
p38_orig_neutral_or10,Neutral,neutral
p36_orig_neutral_or829,Neutral,neutral
p42_orig_neutral_or143,Neutral,neutral
p34_orig_neutral_or1316,Neutral,neutral
p17_orig_neutral_or1087,Neutral,neutral
p37_orig_neutral_or594,Neutral,neutral
p41_orig_neutral_or410,Neutral,neutral
p17_orig_neutral_or1073,Neutral,neutral
p17_orig_neutral_or1074,Neutral,neutral
p39_orig_neutral_or649,Neutral,neutral
p40_orig_neutral_or691,Neutral,neutral
p48_orig_neutral_or511,Neutral,neutral
p19_orig_neutral_or1126,Neutral,neutral
p33_orig_neutral_or1298,Neutral,neutral
p05_orig_neutral_or1376,Neutral,neutral
p03_orig_neutral_or1240,Neutral,neutral
p41_orig_neutral_or859,Neutral,neutral
p03_orig_neutral_or1247,Neutral,neutral
p30_orig_neutral_or1265,Neutral,neutral
p11_orig_neutral_or976,Neutral,neutral
p01_orig_neutral_or941,Neutral,neutral
p39_orig_neutral_or517,Neutral,neutral
p41_orig_neutral_or422,Neutral,neutral
p14_orig_neutral_or1024,Neutral,neutral
p35_orig_neutral_or1338,Neutral,neutral
p05_orig_neutral_or1369,Neutral,neutral
p17_orig_neutral_or1086,Neutral,neutral
p04_orig_neutral_or1357,Neutral,neutral
p34_orig_neutral_or1317,Neutral,neutral
p11_orig_neutral_or969,Neutral,neutral
p39_orig_neutral_or850,Neutral,neutral
p31_orig_neutral_or78,Neutral,neutral
p16_orig_neutral_or1067,Neutral,neutral
p36_orig_neutral_or381,Neutral,neutral
p30_orig_neutral_or1274,Neutral,neutral
p35_orig_neutral_or1327,Neutral,neutral
p30_orig_neutral_or1273,Neutral,neutral
p45_orig_neutral_or20,Neutral,neutral
p05_orig_neutral_or1383,Neutral,neutral
p47_orig_neutral_or903,Neutral,neutral
p02_orig_neutral_or1131,Neutral,neutral
p28_orig_neutral_or605,Neutral,neutral
p22_orig_neutral_or1171,Neutral,neutral
p33_orig_neutral_or1287,Neutral,neutral
p06_orig_neutral_or1393,Neutral,neutral
p49_orig_neutral_or84,Neutral,neutral
p28_orig_neutral_or492,Neutral,neutral
p30_orig_neutral_or491,Neutral,neutral
p41_orig_neutral_or74,Neutral,neutral
p19_orig_neutral_or1108,Neutral,neutral
p06_orig_neutral_or1402,Neutral,neutral
p37_orig_neutral_or562,Neutral,neutral
p01_orig_neutral_or928,Neutral,neutral
p41_orig_neutral_or390,Neutral,neutral
p47_orig_neutral_or411,Neutral,neutral
p34_orig_neutral_or1313,Neutral,neutral
p31_orig_neutral_or860,Neutral,neutral
p25_orig_neutral_or79,Neutral,neutral
p26_orig_neutral_or429,Neutral,neutral
p50_orig_neutral_or161,Neutral,neutral
p32_orig_neutral_or868,Neutral,neutral
p11_orig_neutral_or980,Neutral,neutral
p15_orig_neutral_or1048,Neutral,neutral
p05_orig_neutral_or1380,Neutral,neutral
p02_orig_neutral_or1147,Neutral,neutral
p08_orig_neutral_or1433,Neutral,neutral
p33_orig_neutral_or1283,Neutral,neutral
p49_orig_neutral_or80,Neutral,neutral
p06_orig_neutral_or1397,Neutral,neutral
p07_orig_neutral_or1418,Neutral,neutral
p48_orig_neutral_or782,Neutral,neutral
p50_orig_neutral_or44,Neutral,neutral
p06_orig_neutral_or1386,Neutral,neutral
p15_orig_neutral_or69,Neutral,neutral
p33_orig_neutral_or1295,Neutral,neutral
p26_orig_neutral_or843,Neutral,neutral
p17_orig_neutral_or1070,Neutral,neutral
p44_orig_neutral_or48,Neutral,neutral
p13_orig_neutral_or1005,Neutral,neutral
p49_orig_neutral_or702,Neutral,neutral
p29_orig_neutral_or371,Neutral,neutral
p03_orig_neutral_or1238,Neutral,neutral
p24_orig_neutral_or1221,Neutral,neutral
p38_orig_neutral_or660,Neutral,neutral
p11_orig_neutral_or972,Neutral,neutral
p31_orig_neutral_or527,Neutral,neutral
p03_orig_neutral_or1243,Neutral,neutral
p29_orig_neutral_or558,Neutral,neutral
p01_orig_neutral_or945,Neutral,neutral
p50_orig_neutral_or807,Neutral,neutral
p41_orig_neutral_or53,Neutral,neutral
p41_orig_neutral_or579,Neutral,neutral
p21_orig_neutral_or919,Neutral,neutral
p21_orig_neutral_or394,Neutral,neutral
p49_orig_neutral_or914,Neutral,neutral
p20_orig_neutral_or1154,Neutral,neutral
p16_orig_neutral_or1059,Neutral,neutral
p47_orig_neutral_or488,Neutral,neutral
p47_orig_neutral_or901,Neutral,neutral
p36_orig_neutral_or818,Neutral,neutral
p03_orig_neutral_or1228,Neutral,neutral
p46_orig_neutral_or77,Neutral,neutral
p26_orig_neutral_or51,Neutral,neutral
p45_orig_neutral_or81,Neutral,neutral
p14_orig_neutral_or1037,Neutral,neutral
p14_orig_neutral_or1030,Neutral,neutral
p34_orig_neutral_or1304,Neutral,neutral
p48_orig_neutral_or47,Neutral,neutral
p22_orig_neutral_or1186,Neutral,neutral
p29_orig_neutral_or550,Neutral,neutral
p30_orig_neutral_or1269,Neutral,neutral
p19_orig_neutral_or1118,Neutral,neutral
p34_orig_neutral_or1303,Neutral,neutral
p27_orig_neutral_or189,Neutral,neutral
p17_orig_neutral_or1078,Neutral,neutral
p19_orig_neutral_or1123,Neutral,neutral
p10_orig_neutral_or957,Neutral,neutral
p29_orig_neutral_or171,Neutral,neutral
p50_orig_neutral_or600,Neutral,neutral
p12_orig_neutral_or1001,Neutral,neutral
p31_orig_neutral_or100,Neutral,neutral
p30_orig_neutral_or428,Neutral,neutral
p46_orig_neutral_or1367,Neutral,joy
p45_orig_neutral_or875,Neutral,joy
p37_orig_neutral_or648,Neutral,joy
p23_orig_neutral_or1198,Neutral,joy
p21_orig_neutral_or589,Neutral,joy
p23_orig_neutral_or1189,Neutral,joy
p42_orig_neutral_or537,Neutral,joy
p07_orig_neutral_or1421,Neutral,joy
p10_orig_neutral_or962,Neutral,joy
p22_orig_neutral_or1185,Neutral,joy
p45_orig_neutral_or1366,Neutral,joy
p44_orig_neutral_or546,Neutral,joy
p47_orig_neutral_or734,Neutral,joy
p31_orig_neutral_or855,Neutral,joy
p09_orig_neutral_or1449,Neutral,joy
p12_orig_neutral_or986,Neutral,joy
p36_orig_neutral_or399,Neutral,joy
p21_orig_neutral_or3,Neutral,joy
p10_orig_neutral_or955,Neutral,joy
p10_orig_neutral_or952,Neutral,joy
p36_orig_neutral_or4,Neutral,joy
p42_orig_neutral_or496,Neutral,joy
p02_orig_neutral_or1135,Neutral,joy
p08_orig_neutral_or1423,Neutral,joy
p36_orig_neutral_or645,Neutral,joy
p42_orig_neutral_or112,Neutral,joy
p25_orig_neutral_or139,Neutral,joy
p31_orig_neutral_or138,Neutral,joy
p10_orig_neutral_or27,Neutral,joy
p46_orig_neutral_or414,Neutral,joy
p04_orig_neutral_or1344,Neutral,joy
p14_orig_neutral_or1039,Neutral,joy
p13_orig_neutral_or1012,Neutral,joy
p45_orig_neutral_or31,Neutral,joy
p02_orig_neutral_or1146,Neutral,joy
p21_orig_aggr_or18,Aggressive,neutral
p40_orig_aggr_or662,Aggressive,neutral
p02_orig_aggr_or1143,Aggressive,neutral
p45_orig_aggr_or444,Aggressive,neutral
p24_orig_aggr_or1218,Aggressive,neutral
p05_orig_aggr_or519,Aggressive,neutral
p09_orig_aggr_or1446,Aggressive,neutral
p05_orig_aggr_or236,Aggressive,neutral
p24_orig_aggr_or1208,Aggressive,neutral
p42_orig_aggr_or175,Aggressive,neutral
p07_orig_aggr_or876,Aggressive,neutral
p05_orig_aggr_or1381,Aggressive,neutral
p42_orig_aggr_or345,Aggressive,neutral
p45_orig_aggr_or42,Aggressive,neutral
p07_orig_aggr_or1411,Aggressive,neutral
p09_orig_aggr_or1455,Aggressive,neutral
p02_orig_aggr_or1140,Aggressive,neutral
p13_orig_aggr_or1011,Aggressive,neutral
p10_orig_aggr_or956,Aggressive,neutral
p06_orig_aggr_or218,Aggressive,neutral
p12_orig_aggr_or995,Aggressive,neutral
p18_orig_aggr_or1091,Aggressive,neutral
p37_orig_aggr_or93,Aggressive,neutral
p25_orig_aggr_or821,Aggressive,empathy
p45_orig_aggr_or752,Aggressive,empathy
p13_orig_aggr_or1020,Aggressive,empathy
p50_orig_aggr_or118,Aggressive,empathy
p44_orig_aggr_or679,Aggressive,empathy
p18_orig_aggr_or1093,Aggressive,empathy
p13_orig_aggr_or1016,Aggressive,joy
p28_orig_aggr_or11,Aggressive,joy
p20_orig_aggr_or331,Aggressive,joy
p24_orig_aggr_or647,Aggressive,joy
p39_orig_aggr_or858,Aggressive,joy
p22_orig_aggr_or1184,Aggressive,joy
p29_orig_aggr_or155,Aggressive,joy
p42_orig_aggr_or468,Aggressive,joy
p19_orig_aggr_or274,Aggressive,joy
p47_orig_aggr_or184,Aggressive,joy
p29_orig_aggr_or442,Aggressive,joy
p39_orig_aggr_or602,Aggressive,joy
p09_orig_aggr_or1464,Aggressive,joy
p31_orig_aggr_or862,Aggressive,joy
p04_orig_aggr_or1352,Aggressive,joy
p01_orig_aggr_or938,Aggressive,joy
p25_orig_aggr_or725,Aggressive,joy
p39_orig_aggr_or397,Aggressive,joy
p25_orig_aggr_or23,Aggressive,joy
p16_orig_aggr_or325,Aggressive,joy
p15_orig_aggr_or1044,Aggressive,joy
p05_orig_aggr_or1384,Aggressive,joy
p30_orig_aggr_or1256,Aggressive,superiority
p32_orig_aggr_or50,Aggressive,superiority
p10_orig_aggr_or909,Aggressive,superiority
p37_orig_aggr_or72,Aggressive,superiority
p40_orig_aggr_or543,Aggressive,superiority
p07_orig_aggr_or735,Aggressive,superiority
p12_orig_aggr_or13,Aggressive,superiority
p35_orig_aggr_or751,Aggressive,superiority
p37_orig_aggr_or437,Aggressive,superiority
p30_orig_aggr_or1272,Aggressive,superiority
p24_orig_aggr_or187,Aggressive,superiority
p40_orig_aggr_or529,Aggressive,superiority
p34_orig_aggr_or1314,Aggressive,superiority
p10_orig_aggr_or964,Aggressive,superiority
p21_orig_aggr_or747,Aggressive,superiority
p31_orig_aggr_or185,Aggressive,superiority
p41_orig_aggr_or723,Aggressive,superiority
p50_orig_aggr_or259,Aggressive,superiority
p49_orig_aggr_or736,Aggressive,superiority
p30_orig_aggr_or1262,Aggressive,superiority
p44_orig_aggr_or318,Aggressive,superiority
p49_orig_aggr_or667,Aggressive,superiority
p39_orig_aggr_or251,Aggressive,superiority
p01_orig_aggr_or937,Aggressive,superiority
p49_orig_aggr_or297,Aggressive,superiority
p30_orig_aggr_or1250,Aggressive,superiority
p38_orig_aggr_or663,Aggressive,superiority
p26_orig_aggr_or746,Aggressive,superiority
p16_orig_aggr_or754,Aggressive,superiority
p41_orig_aggr_or608,Aggressive,superiority
p33_orig_aggr_or1282,Aggressive,superiority
p09_orig_aggr_or179,Aggressive,superiority
p49_orig_aggr_or913,Aggressive,superiority
p27_orig_aggr_or684,Aggressive,superiority
p22_orig_aggr_or1176,Aggressive,superiority
p44_orig_aggr_or212,Aggressive,superiority
p19_orig_aggr_or631,Aggressive,superiority
p46_orig_aggr_or263,Aggressive,superiority
p46_orig_aggr_or630,Aggressive,superiority
p49_orig_aggr_or724,Aggressive,superiority
p34_orig_aggr_or1318,Aggressive,superiority
p07_orig_aggr_or677,Aggressive,superiority
p26_orig_aggr_or223,Aggressive,superiority
p34_orig_aggr_or1309,Aggressive,superiority
p06_orig_aggr_or1405,Aggressive,superiority
p12_orig_aggr_or997,Aggressive,superiority
p07_orig_aggr_or356,Aggressive,superiority
p13_orig_aggr_or1014,Aggressive,superiority
p33_orig_aggr_or1297,Aggressive,superiority
p02_orig_aggr_or650,Aggressive,superiority
p40_orig_aggr_or857,Aggressive,superiority
p32_orig_aggr_or388,Aggressive,superiority
p36_orig_aggr_or730,Aggressive,superiority
p12_orig_aggr_or1002,Aggressive,superiority
p03_orig_aggr_or637,Aggressive,superiority
p06_orig_aggr_or1398,Aggressive,superiority
p37_orig_aggr_or640,Aggressive,superiority
p06_orig_aggr_or1391,Aggressive,superiority
p08_orig_aggr_or790,Aggressive,superiority
p40_orig_aggr_or657,Aggressive,superiority
p36_orig_aggr_or108,Aggressive,superiority
p31_orig_aggr_or211,Aggressive,anger
p19_orig_aggr_or1114,Aggressive,anger
p25_orig_aggr_or555,Aggressive,anger
p23_orig_aggr_or635,Aggressive,anger
p25_orig_aggr_or403,Aggressive,anger
p46_orig_aggr_or17,Aggressive,anger
p02_orig_aggr_or906,Aggressive,anger
p34_orig_aggr_or303,Aggressive,anger
p32_orig_aggr_or308,Aggressive,anger
p18_orig_aggr_or533,Aggressive,anger
p31_orig_aggr_or478,Aggressive,anger
p45_orig_aggr_or165,Aggressive,anger
p19_orig_aggr_or296,Aggressive,anger
p14_orig_aggr_or322,Aggressive,anger
p04_orig_aggr_or1345,Aggressive,anger
p11_orig_aggr_or740,Aggressive,anger
p29_orig_aggr_or699,Aggressive,anger
p24_orig_aggr_or888,Aggressive,anger
p48_orig_aggr_or196,Aggressive,anger
p15_orig_aggr_or343,Aggressive,anger
p31_orig_aggr_or653,Aggressive,anger
p36_orig_aggr_or34,Aggressive,anger
p20_orig_aggr_or733,Aggressive,anger
p35_orig_aggr_or1332,Aggressive,anger
p44_orig_aggr_or607,Aggressive,anger
p14_orig_aggr_or729,Aggressive,anger
p04_orig_aggr_or73,Aggressive,anger
p08_orig_aggr_or697,Aggressive,anger
p25_orig_aggr_or626,Aggressive,anger
p25_orig_aggr_or682,Aggressive,anger
p16_orig_aggr_or1064,Aggressive,anger
p11_orig_aggr_or302,Aggressive,anger
p43_orig_aggr_or856,Aggressive,anger
p26_orig_aggr_or726,Aggressive,anger
p49_orig_aggr_or237,Aggressive,anger
p43_orig_aggr_or741,Aggressive,anger
p48_orig_aggr_or739,Aggressive,anger
p12_orig_aggr_or988,Aggressive,anger
p33_orig_aggr_or1290,Aggressive,anger
p41_orig_aggr_or309,Aggressive,anger
p46_orig_aggr_or404,Aggressive,anger
p23_orig_aggr_or1200,Aggressive,anger
p46_orig_aggr_or32,Aggressive,anger
p21_orig_aggr_or61,Aggressive,anger
p43_orig_aggr_or260,Aggressive,anger
p01_orig_aggr_or401,Aggressive,anger
p24_orig_aggr_or1210,Aggressive,anger
p41_orig_aggr_or264,Aggressive,anger
p45_orig_aggr_or107,Aggressive,anger
p44_orig_aggr_or336,Aggressive,anger
p46_orig_aggr_or130,Aggressive,anger
p08_orig_aggr_or250,Aggressive,anger
p33_orig_aggr_or1293,Aggressive,anger
p16_orig_aggr_or1061,Aggressive,anger
p02_orig_aggr_or1148,Aggressive,anger
p10_orig_aggr_or950,Aggressive,anger
p31_orig_aggr_or749,Aggressive,anger
p48_orig_aggr_or304,Aggressive,anger
p50_orig_aggr_or14,Aggressive,anger
p03_orig_aggr_or718,Aggressive,anger
p29_orig_aggr_or530,Aggressive,anger
p04_orig_aggr_or1351,Aggressive,anger
p24_orig_aggr_or1214,Aggressive,anger
p26_orig_aggr_or99,Aggressive,anger
p29_orig_aggr_or620,Aggressive,anger
p49_orig_aggr_or374,Aggressive,anger
p41_orig_aggr_or748,Aggressive,anger
p26_orig_aggr_or847,Aggressive,anger
p17_orig_aggr_or1071,Aggressive,anger
p11_orig_aggr_or971,Aggressive,anger
p19_orig_aggr_or1111,Aggressive,anger
p31_orig_aggr_or1275,Aggressive,anger
p02_orig_aggr_or1150,Aggressive,anger
p27_orig_aggr_or324,Aggressive,anger
p34_orig_aggr_or1305,Aggressive,anger
p46_orig_aggr_or446,Aggressive,anger
p18_orig_aggr_or301,Aggressive,anger
p34_orig_aggr_or1302,Aggressive,anger
p11_orig_aggr_or966,Aggressive,anger
p35_orig_aggr_or1336,Aggressive,anger
p18_orig_aggr_or281,Aggressive,anger
p23_orig_aggr_or453,Aggressive,anger
p29_orig_aggr_or538,Aggressive,anger
p17_orig_aggr_or1085,Aggressive,anger
p32_orig_aggr_or1277,Aggressive,anger
p23_orig_aggr_or1205,Aggressive,anger
p07_orig_aggr_or1408,Aggressive,anger
p25_orig_aggr_or315,Aggressive,anger
p41_orig_aggr_or293,Aggressive,anger
p09_orig_aggr_or1461,Aggressive,anger
p21_orig_aggr_or696,Aggressive,anger
p48_orig_aggr_or169,Aggressive,anger
p19_orig_aggr_or1119,Aggressive,anger
p07_orig_aggr_or1410,Aggressive,anger
p15_orig_aggr_or1056,Aggressive,anger
p39_orig_aggr_or493,Aggressive,anger
p20_orig_aggr_or1158,Aggressive,anger
p11_orig_aggr_or979,Aggressive,anger
p19_orig_aggr_or1125,Aggressive,anger
p01_orig_aggr_or944,Aggressive,anger
p37_orig_aggr_or715,Aggressive,embarrassment
p13_orig_aggr_or321,Aggressive,embarrassment
p47_orig_aggr_or387,Aggressive,embarrassment
p14_orig_aggr_or1033,Aggressive,embarrassment
p08_orig_aggr_or62,Aggressive,embarrassment
p16_orig_aggr_or1069,Aggressive,embarrassment
p43_orig_aggr_or310,Aggressive,embarrassment
p21_orig_aggr_or632,Aggressive,embarrassment
p31_orig_aggr_or563,Aggressive,embarrassment
p02_orig_aggr_or731,Aggressive,embarrassment
p03_orig_aggr_or1232,Aggressive,embarrassment
p15_orig_aggr_or1051,Aggressive,embarrassment
p19_orig_aggr_or177,Aggressive,embarrassment
p29_orig_aggr_or628,Aggressive,embarrassment
p20_orig_aggr_or1163,Aggressive,embarrassment
p47_orig_aggr_or831,Aggressive,embarrassment
p42_orig_aggr_or67,Aggressive,embarrassment
p29_orig_aggr_or692,Aggressive,embarrassment
p08_orig_aggr_or743,Aggressive,embarrassment
p14_orig_aggr_or1023,Aggressive,embarrassment
p03_orig_aggr_or1241,Aggressive,embarrassment
p42_orig_aggr_or131,Aggressive,embarrassment
p29_orig_aggr_or96,Aggressive,embarrassment
p35_orig_aggr_or249,Aggressive,embarrassment
p20_orig_aggr_or1166,Aggressive,embarrassment
p28_orig_aggr_or737,Aggressive,embarrassment
p36_orig_aggr_or164,Aggressive,embarrassment
p36_orig_aggr_or720,Aggressive,embarrassment
p23_orig_aggr_or1188,Aggressive,embarrassment
p18_orig_aggr_or1105,Aggressive,embarrassment
p39_orig_aggr_or88,Aggressive,embarrassment
p27_orig_aggr_or339,Aggressive,embarrassment
p03_orig_aggr_or317,Aggressive,embarrassment
p03_orig_aggr_or1236,Aggressive,embarrassment
p48_orig_aggr_or783,Aggressive,embarrassment
p08_orig_aggr_or1424,Aggressive,embarrassment
p42_orig_aggr_or1363,Aggressive,embarrassment
p13_orig_aggr_or669,Aggressive,embarrassment
p08_orig_aggr_or1440,Aggressive,embarrassment
p35_orig_aggr_or837,Aggressive,embarrassment
p21_orig_affil_or461,Affiliative,anger
p21_orig_affil_or8,Affiliative,anger
p44_orig_affil_or698,Affiliative,anger
p31_orig_affil_or398,Affiliative,anger
p26_orig_affil_or420,Affiliative,anger
p18_orig_affil_or1101,Affiliative,anger
p15_orig_affil_or457,Affiliative,anger
p12_orig_affil_or464,Affiliative,anger
p17_orig_affil_or1081,Affiliative,anger
p08_orig_affil_or1434,Affiliative,anger
p09_orig_affil_or500,Affiliative,joy
p15_orig_affil_or1040,Affiliative,joy
p25_orig_affil_or188,Affiliative,joy
p26_orig_affil_or717,Affiliative,joy
p29_orig_affil_or445,Affiliative,joy
p39_orig_affil_or1340,Affiliative,joy
p34_orig_affil_or777,Affiliative,joy
p49_orig_affil_or149,Affiliative,joy
p45_orig_affil_or794,Affiliative,joy
p05_orig_affil_or787,Affiliative,joy
p09_orig_affil_or15,Affiliative,joy
p23_orig_affil_or670,Affiliative,joy
p25_orig_affil_or820,Affiliative,joy
p41_orig_affil_or183,Affiliative,joy
p10_orig_affil_or693,Affiliative,joy
p01_orig_affil_or929,Affiliative,joy
p13_orig_affil_or633,Affiliative,joy
p30_orig_affil_or1255,Affiliative,joy
p20_orig_affil_or1161,Affiliative,joy
p34_orig_affil_or148,Affiliative,joy
p30_orig_affil_or1267,Affiliative,joy
p21_orig_affil_or917,Affiliative,joy
p36_orig_affil_or611,Affiliative,joy
p33_orig_affil_or804,Affiliative,joy
p34_orig_affil_or1300,Affiliative,joy
p14_orig_affil_or1032,Affiliative,joy
p43_orig_affil_or802,Affiliative,joy
p39_orig_affil_or373,Affiliative,joy
p40_orig_affil_or534,Affiliative,joy
p33_orig_affil_or1288,Affiliative,joy
p12_orig_affil_or996,Affiliative,joy
p42_orig_affil_or567,Affiliative,joy
p23_orig_affil_or695,Affiliative,joy
p41_orig_affil_or424,Affiliative,joy
p01_orig_affil_or678,Affiliative,joy
p08_orig_affil_or1426,Affiliative,joy
p22_orig_affil_or884,Affiliative,joy
p06_orig_affil_or1400,Affiliative,joy
p26_orig_affil_or687,Affiliative,joy
p30_orig_affil_or1261,Affiliative,joy
p13_orig_affil_or925,Affiliative,joy
p50_orig_affil_or90,Affiliative,joy
p45_orig_affil_or262,Affiliative,joy
p41_orig_affil_or809,Affiliative,joy
p13_orig_affil_or1010,Affiliative,joy
p18_orig_affil_or41,Affiliative,joy
p31_orig_affil_or191,Affiliative,joy
p10_orig_affil_or616,Affiliative,joy
p41_orig_affil_or728,Affiliative,joy
p20_orig_affil_or1151,Affiliative,joy
p30_orig_affil_or1259,Affiliative,joy
p06_orig_affil_or95,Affiliative,joy
p12_orig_affil_or71,Affiliative,joy
p10_orig_affil_or959,Affiliative,joy
p28_orig_affil_or214,Affiliative,joy
p45_orig_affil_or618,Affiliative,joy
p29_orig_affil_or92,Affiliative,joy
p25_orig_affil_or624,Affiliative,joy
p49_orig_affil_or105,Affiliative,joy
p20_orig_affil_or43,Affiliative,joy
p08_orig_affil_or157,Affiliative,joy
p49_orig_affil_or911,Affiliative,joy
p31_orig_affil_or180,Affiliative,joy
p40_orig_affil_or683,Affiliative,joy
p47_orig_affil_or895,Affiliative,joy
p15_orig_affil_or1045,Affiliative,joy
p10_orig_affil_or949,Affiliative,joy
p04_orig_affil_or1355,Affiliative,joy
p13_orig_affil_or1015,Affiliative,joy
p05_orig_affil_or1368,Affiliative,joy
p13_orig_affil_or927,Affiliative,joy
p48_orig_affil_or91,Affiliative,joy
p43_orig_affil_or686,Affiliative,joy
p43_orig_affil_or596,Affiliative,joy
p43_orig_affil_or547,Affiliative,joy
p20_orig_affil_or375,Affiliative,joy
p33_orig_affil_or1292,Affiliative,joy
p46_orig_affil_or694,Affiliative,joy
p18_orig_affil_or1094,Affiliative,joy
p40_orig_affil_or595,Affiliative,joy
p25_orig_affil_or46,Affiliative,joy
p45_orig_affil_or126,Affiliative,joy
p22_orig_affil_or1169,Affiliative,joy
p02_orig_affil_or1139,Affiliative,joy
p07_orig_affil_or89,Affiliative,joy
p49_orig_affil_or473,Affiliative,joy
p31_orig_affil_or483,Affiliative,joy
p44_orig_affil_or680,Affiliative,joy
p08_orig_affil_or792,Affiliative,joy
p11_orig_affil_or965,Affiliative,joy
p09_orig_affil_or1445,Affiliative,empathy
p35_orig_affil_or150,Affiliative,empathy
p01_orig_affil_or930,Affiliative,empathy
p03_orig_affil_or409,Affiliative,empathy
p34_orig_affil_or1310,Affiliative,empathy
p22_orig_affil_or209,Affiliative,empathy
p02_orig_affil_or1132,Affiliative,empathy
p23_orig_affil_or1201,Affiliative,empathy
p06_orig_affil_or477,Affiliative,empathy
p37_orig_affil_or625,Affiliative,empathy
p16_orig_affil_or512,Affiliative,empathy
p44_orig_affil_or405,Affiliative,empathy
p15_orig_affil_or463,Affiliative,empathy
p23_orig_affil_or1191,Affiliative,empathy
p03_orig_affil_or1231,Affiliative,empathy
p24_orig_affil_or1220,Affiliative,empathy
p11_orig_affil_or129,Affiliative,empathy
p41_orig_affil_or568,Affiliative,empathy
p32_orig_affil_or811,Affiliative,empathy
p28_orig_affil_or113,Affiliative,empathy
p44_orig_affil_or379,Affiliative,empathy
p04_orig_affil_or97,Affiliative,empathy
p16_orig_affil_or1062,Affiliative,empathy
p11_orig_affil_or801,Affiliative,empathy
p03_orig_affil_or892,Affiliative,empathy
p24_orig_affil_or1213,Affiliative,empathy
p46_orig_affil_or116,Affiliative,empathy
p32_orig_affil_or825,Affiliative,empathy
p47_orig_affil_or106,Affiliative,empathy
p37_orig_affil_or566,Affiliative,empathy
p28_orig_affil_or333,Affiliative,neutral
p05_orig_affil_or1374,Affiliative,neutral
p17_orig_affil_or16,Affiliative,neutral
p39_orig_affil_or676,Affiliative,neutral
p26_orig_affil_or425,Affiliative,neutral
p50_orig_affil_or9,Affiliative,neutral
p04_orig_affil_or1348,Affiliative,neutral
p09_orig_affil_or1452,Affiliative,neutral
p37_orig_affil_or327,Affiliative,neutral
p39_orig_affil_or467,Affiliative,neutral
p43_orig_affil_or685,Affiliative,neutral
p49_orig_affil_or541,Affiliative,neutral
p26_orig_affil_or412,Affiliative,neutral
p26_orig_affil_or159,Affiliative,neutral
p47_orig_affil_or172,Affiliative,neutral
p37_orig_affil_or583,Affiliative,neutral
p02_orig_affil_or904,Affiliative,neutral
p48_orig_affil_or646,Affiliative,neutral
p37_orig_affil_or593,Affiliative,neutral
p16_orig_affil_or330,Affiliative,neutral
p11_orig_affil_or292,Affiliative,neutral
p39_orig_affil_or65,Affiliative,neutral
p06_orig_affil_or1390,Affiliative,neutral
p14_orig_affil_or1028,Affiliative,neutral
p43_orig_affil_or490,Affiliative,neutral
p33_orig_affil_or1284,Affiliative,neutral
p17_orig_affil_or774,Affiliative,neutral
p48_orig_affil_or12,Affiliative,superiority
p39_orig_affil_or815,Affiliative,superiority
p35_orig_affil_or1325,Affiliative,superiority
p12_orig_affil_or990,Affiliative,superiority
p06_orig_affil_or1395,Affiliative,superiority
p29_orig_affil_or49,Affiliative,superiority
p48_orig_affil_or704,Affiliative,superiority
p17_orig_affil_or1082,Affiliative,superiority
p08_orig_affil_or1429,Affiliative,superiority
p38_orig_affil_or320,Affiliative,superiority
p25_orig_affil_or104,Affiliative,superiority
p18_orig_affil_or921,Affiliative,superiority
p24_orig_affil_or881,Affiliative,superiority
p12_orig_affil_or644,Affiliative,superiority
p27_orig_affil_or208,Affiliative,superiority
p35_orig_affil_or1330,Affiliative,superiority
p16_orig_affil_or1066,Affiliative,embarrassment
p12_orig_affil_or617,Affiliative,embarrassment
p22_orig_affil_or1173,Affiliative,embarrassment
p24_orig_affil_or1211,Affiliative,embarrassment
p19_orig_affil_or1116,Affiliative,embarrassment
p10_orig_affil_or960,Affiliative,embarrassment
p21_orig_affil_or623,Affiliative,embarrassment
p21_orig_affil_or152,Affiliative,embarrassment
p31_orig_affil_or824,Affiliative,embarrassment
p36_orig_affil_or798,Affiliative,embarrassment
p42_orig_affil_or810,Affiliative,embarrassment
p22_orig_affil_or366,Affiliative,embarrassment
p01_orig_affil_or708,Affiliative,embarrassment
p38_orig_affil_or450,Affiliative,embarrassment
p30_orig_affil_or246,Affiliative,embarrassment
p48_orig_affil_or597,Affiliative,embarrassment
p29_orig_affil_or701,Affiliative,embarrassment
p14_orig_affil_or68,Affiliative,embarrassment
p42_orig_affil_or622,Affiliative,embarrassment
p50_orig_affil_or642,Affiliative,embarrassment
p02_orig_affil_or132,Affiliative,embarrassment
p42_orig_affil_or800,Affiliative,embarrassment
p11_orig_affil_or284,Affiliative,embarrassment
p18_orig_selfenh_or1098,Self_enhancing,anger
p12_orig_selfenh_or987,Self_enhancing,anger
p02_orig_selfenh_or1144,Self_enhancing,anger
p17_orig_selfenh_or1072,Self_enhancing,anger
p22_orig_selfenh_or276,Self_enhancing,anger
p07_orig_selfenh_or203,Self_enhancing,anger
p02_orig_selfenh_or1141,Self_enhancing,anger
p44_orig_selfenh_or334,Self_enhancing,anger
p21_orig_selfenh_or225,Self_enhancing,anger
p17_orig_selfenh_or1076,Self_enhancing,anger
p06_orig_selfenh_or1387,Self_enhancing,anger
p47_orig_selfenh_or870,Self_enhancing,anger
p16_orig_selfenh_or619,Self_enhancing,joy
p48_orig_selfenh_or268,Self_enhancing,joy
p14_orig_selfenh_or1031,Self_enhancing,joy
p29_orig_selfenh_or265,Self_enhancing,joy
p43_orig_selfenh_or228,Self_enhancing,joy
p31_orig_selfenh_or873,Self_enhancing,joy
p04_orig_selfenh_or287,Self_enhancing,joy
p44_orig_selfenh_or396,Self_enhancing,joy
p37_orig_selfenh_or613,Self_enhancing,joy
p37_orig_selfenh_or576,Self_enhancing,joy
p06_orig_selfenh_or1399,Self_enhancing,joy
p17_orig_selfenh_or641,Self_enhancing,joy
p17_orig_selfenh_or1077,Self_enhancing,joy
p08_orig_selfenh_or1422,Self_enhancing,joy
p44_orig_selfenh_or503,Self_enhancing,joy
p30_orig_selfenh_or1266,Self_enhancing,joy
p28_orig_selfenh_or561,Self_enhancing,joy
p42_orig_selfenh_or231,Self_enhancing,joy
p40_orig_selfenh_or266,Self_enhancing,joy
p41_orig_selfenh_or202,Self_enhancing,joy
p19_orig_selfenh_or233,Self_enhancing,joy
p32_orig_selfenh_or834,Self_enhancing,joy
p06_orig_selfenh_or1404,Self_enhancing,joy
p19_orig_selfenh_or357,Self_enhancing,joy
p43_orig_selfenh_or564,Self_enhancing,joy
p30_orig_selfenh_or1271,Self_enhancing,joy
p13_orig_selfenh_or1004,Self_enhancing,joy
p40_orig_selfenh_or574,Self_enhancing,joy
p46_orig_selfenh_or199,Self_enhancing,joy
p16_orig_selfenh_or253,Self_enhancing,joy
p34_orig_selfenh_or520,Self_enhancing,joy
p09_orig_selfenh_or761,Self_enhancing,joy
p29_orig_selfenh_or572,Self_enhancing,joy
p30_orig_selfenh_or1263,Self_enhancing,joy
p44_orig_selfenh_or548,Self_enhancing,joy
p32_orig_selfenh_or123,Self_enhancing,joy
p45_orig_selfenh_or890,Self_enhancing,joy
p02_orig_selfenh_or1128,Self_enhancing,joy
p41_orig_selfenh_or341,Self_enhancing,joy
p34_orig_selfenh_or407,Self_enhancing,joy
p30_orig_selfenh_or460,Self_enhancing,joy
p15_orig_selfenh_or380,Self_enhancing,joy
p41_orig_selfenh_or206,Self_enhancing,joy
p27_orig_selfenh_or122,Self_enhancing,joy
p20_orig_selfenh_or1162,Self_enhancing,joy
p35_orig_selfenh_or1326,Self_enhancing,joy
p09_orig_selfenh_or1448,Self_enhancing,joy
p08_orig_selfenh_or577,Self_enhancing,joy
p33_orig_selfenh_or1296,Self_enhancing,joy
p24_orig_selfenh_or173,Self_enhancing,joy
p40_orig_selfenh_or484,Self_enhancing,joy
p34_orig_selfenh_or1301,Self_enhancing,joy
p20_orig_selfenh_or710,Self_enhancing,joy
p23_orig_selfenh_or609,Self_enhancing,joy
p43_orig_selfenh_or570,Self_enhancing,joy
p20_orig_selfenh_or35,Self_enhancing,joy
p01_orig_selfenh_or931,Self_enhancing,joy
p36_orig_selfenh_or759,Self_enhancing,joy
p33_orig_selfenh_or1289,Self_enhancing,joy
p02_orig_selfenh_or1136,Self_enhancing,joy
p37_orig_selfenh_or480,Self_enhancing,joy
p40_orig_selfenh_or55,Self_enhancing,neutral
p29_orig_selfenh_or612,Self_enhancing,neutral
p24_orig_selfenh_or673,Self_enhancing,neutral
p42_orig_selfenh_or764,Self_enhancing,neutral
p05_orig_selfenh_or1371,Self_enhancing,neutral
p24_orig_selfenh_or1219,Self_enhancing,neutral
p39_orig_selfenh_or103,Self_enhancing,neutral
p18_orig_selfenh_or1107,Self_enhancing,neutral
p29_orig_selfenh_or544,Self_enhancing,neutral
p35_orig_selfenh_or1329,Self_enhancing,neutral
p16_orig_selfenh_or1063,Self_enhancing,neutral
p05_orig_selfenh_or1375,Self_enhancing,neutral
p26_orig_selfenh_or713,Self_enhancing,neutral
p32_orig_selfenh_or845,Self_enhancing,neutral
p01_orig_selfenh_or942,Self_enhancing,neutral
p40_orig_selfenh_or86,Self_enhancing,neutral
p31_orig_selfenh_or402,Self_enhancing,neutral
p39_orig_selfenh_or216,Self_enhancing,neutral
p06_orig_selfenh_or1389,Self_enhancing,neutral
p29_orig_selfenh_or557,Self_enhancing,neutral
p32_orig_selfenh_or476,Self_enhancing,neutral
p10_orig_selfenh_or879,Self_enhancing,empathy
p23_orig_selfenh_or1190,Self_enhancing,empathy
p12_orig_selfenh_or504,Self_enhancing,empathy
p08_orig_selfenh_or1437,Self_enhancing,empathy
p08_orig_selfenh_or1430,Self_enhancing,empathy
p44_orig_selfenh_or714,Self_enhancing,empathy
p05_orig_selfenh_or705,Self_enhancing,empathy
p37_orig_selfenh_or753,Self_enhancing,empathy
p24_orig_selfenh_or1225,Self_enhancing,empathy
p09_orig_selfenh_or1458,Self_enhancing,empathy
p31_orig_selfenh_or120,Self_enhancing,empathy
p05_orig_selfenh_or1378,Self_enhancing,empathy
p35_orig_selfenh_or466,Self_enhancing,empathy
p09_orig_selfenh_or1463,Self_enhancing,empathy
p42_orig_selfenh_or833,Self_enhancing,empathy
p03_orig_selfenh_or772,Self_enhancing,empathy
p35_orig_selfenh_or1321,Self_enhancing,empathy
p11_orig_selfenh_or978,Self_enhancing,empathy
p32_orig_selfenh_or52,Self_enhancing,empathy
p31_orig_selfenh_or376,Self_enhancing,empathy
p08_orig_selfenh_or788,Self_enhancing,empathy
p38_orig_selfenh_or508,Self_enhancing,empathy
p48_orig_selfenh_or757,Self_enhancing,empathy
p09_orig_selfenh_or369,Self_enhancing,empathy
p19_orig_selfenh_or1127,Self_enhancing,empathy
p46_orig_selfenh_or29,Self_enhancing,empathy
p17_orig_selfenh_or6,Self_enhancing,empathy
p10_orig_selfenh_or883,Self_enhancing,empathy
p31_orig_selfenh_or243,Self_enhancing,empathy
p14_orig_selfenh_or1025,Self_enhancing,empathy
p38_orig_selfenh_or846,Self_enhancing,empathy
p12_orig_selfenh_or985,Self_enhancing,empathy
p03_orig_selfenh_or1246,Self_enhancing,empathy
p24_orig_selfenh_or1223,Self_enhancing,empathy
p37_orig_selfenh_or494,Self_enhancing,empathy
p24_orig_selfenh_or1212,Self_enhancing,empathy
p19_orig_selfenh_or1124,Self_enhancing,empathy
p40_orig_selfenh_or156,Self_enhancing,empathy
p29_orig_selfenh_or532,Self_enhancing,empathy
p12_orig_selfenh_or586,Self_enhancing,empathy
p38_orig_selfenh_or830,Self_enhancing,empathy
p33_orig_selfenh_or1279,Self_enhancing,empathy
p03_orig_selfenh_or1239,Self_enhancing,empathy
p29_orig_selfenh_or25,Self_enhancing,empathy
p17_orig_selfenh_or470,Self_enhancing,empathy
p34_orig_selfenh_or114,Self_enhancing,empathy
p37_orig_selfenh_or1339,Self_enhancing,empathy
p08_orig_selfenh_or1432,Self_enhancing,empathy
p21_orig_selfenh_or525,Self_enhancing,empathy
p04_orig_selfenh_or497,Self_enhancing,empathy
p30_orig_selfenh_or666,Self_enhancing,empathy
p03_orig_selfenh_or1244,Self_enhancing,empathy
p31_orig_selfenh_or545,Self_enhancing,empathy
p42_orig_selfenh_or528,Self_enhancing,empathy
p10_orig_selfenh_or908,Self_enhancing,empathy
p42_orig_selfenh_or346,Self_enhancing,empathy
p12_orig_selfenh_or1000,Self_enhancing,empathy
p37_orig_selfenh_or400,Self_enhancing,empathy
p12_orig_selfenh_or102,Self_enhancing,empathy
p15_orig_selfenh_or1050,Self_enhancing,empathy
p35_orig_selfenh_or506,Self_enhancing,empathy
p03_orig_selfenh_or771,Self_enhancing,empathy
p40_orig_selfenh_or59,Self_enhancing,empathy
p48_orig_selfenh_or485,Self_enhancing,empathy
p24_orig_selfenh_or298,Self_enhancing,empathy
p27_orig_selfenh_or502,Self_enhancing,empathy
p47_orig_selfenh_or897,Self_enhancing,empathy
p15_orig_selfenh_or1041,Self_enhancing,empathy
p15_orig_selfenh_or1046,Self_enhancing,empathy
p26_orig_selfenh_or767,Self_enhancing,empathy
p41_orig_selfenh_or745,Self_enhancing,empathy
p37_orig_selfenh_or352,Self_enhancing,empathy
p09_orig_selfenh_or1443,Self_enhancing,empathy
p31_orig_selfenh_or338,Self_enhancing,superiority
p07_orig_selfenh_or1416,Self_enhancing,superiority
p43_orig_selfenh_or145,Self_enhancing,superiority
p26_orig_selfenh_or765,Self_enhancing,superiority
p30_orig_selfenh_or1254,Self_enhancing,superiority
p49_orig_selfenh_or762,Self_enhancing,superiority
p22_orig_selfenh_or1172,Self_enhancing,superiority
p26_orig_selfenh_or540,Self_enhancing,superiority
p42_orig_selfenh_or1362,Self_enhancing,superiority
p49_orig_selfenh_or395,Self_enhancing,superiority
p14_orig_selfenh_or1038,Self_enhancing,superiority
p20_orig_selfenh_or1167,Self_enhancing,superiority
p44_orig_selfenh_or349,Self_enhancing,superiority
p12_orig_selfenh_or992,Self_enhancing,superiority
p48_orig_selfenh_or144,Self_enhancing,superiority
p22_orig_selfenh_or1181,Self_enhancing,superiority
p04_orig_selfenh_or1343,Self_enhancing,superiority
p49_orig_selfenh_or115,Self_enhancing,superiority
p36_orig_selfenh_or766,Self_enhancing,superiority
p26_orig_selfenh_or353,Self_enhancing,superiority
p19_orig_selfenh_or1109,Self_enhancing,superiority
p19_orig_selfenh_or560,Self_enhancing,superiority
p43_orig_selfenh_or417,Self_enhancing,superiority
p27_orig_selfenh_or874,Self_enhancing,superiority
p44_orig_selfenh_or358,Self_enhancing,superiority
p36_orig_selfenh_or827,Self_enhancing,superiority
p11_orig_selfenh_or83,Self_enhancing,superiority
p43_orig_selfenh_or82,Self_enhancing,superiority
p45_orig_selfenh_or891,Self_enhancing,superiority
p22_orig_selfenh_or1170,Self_enhancing,superiority
p21_orig_selfenh_or329,Self_enhancing,superiority
p33_orig_selfenh_or721,Self_enhancing,superiority
p22_orig_selfenh_or314,Self_enhancing,superiority
p36_orig_selfenh_or823,Self_enhancing,superiority
p06_orig_selfenh_or354,Self_enhancing,superiority
p29_orig_selfenh_or226,Self_enhancing,superiority
p11_orig_selfenh_or974,Self_enhancing,superiority
p26_orig_selfenh_or306,Self_enhancing,superiority
p34_orig_selfenh_or230,Self_enhancing,superiority
p34_orig_selfenh_or1307,Self_enhancing,superiority
p18_orig_selfenh_or1089,Self_enhancing,superiority
p25_orig_selfenh_or359,Self_enhancing,superiority
p20_orig_selfenh_or1156,Self_enhancing,superiority
p50_orig_selfenh_or851,Self_enhancing,superiority
p10_orig_selfenh_or947,Self_enhancing,superiority
p49_orig_selfenh_or912,Self_enhancing,superiority
p10_orig_selfenh_or958,Self_enhancing,superiority
p41_orig_selfenh_or826,Self_enhancing,superiority
p50_orig_selfenh_or229,Self_enhancing,superiority
p07_orig_selfenh_or269,Self_enhancing,superiority
p11_orig_selfenh_or970,Self_enhancing,embarrassment
p48_orig_selfenh_or406,Self_enhancing,embarrassment
p09_orig_selfenh_or37,Self_enhancing,embarrassment
p07_orig_selfenh_or542,Self_enhancing,embarrassment
p48_orig_selfenh_or781,Self_enhancing,embarrassment
p36_orig_selfenh_or760,Self_enhancing,embarrassment
p43_orig_selfenh_or267,Self_enhancing,embarrassment
p49_orig_selfenh_or659,Self_enhancing,embarrassment
p23_orig_selfenh_or1204,Self_enhancing,embarrassment
p25_orig_selfenh_or573,Self_enhancing,embarrassment
p04_orig_selfenh_or1354,Self_enhancing,embarrassment
p29_orig_selfenh_or275,Self_enhancing,embarrassment
p14_orig_selfenh_or360,Self_enhancing,embarrassment
p17_orig_selfenh_or326,Self_enhancing,embarrassment
p35_orig_selfenh_or773,Self_enhancing,embarrassment
p23_orig_selfenh_or1199,Self_enhancing,embarrassment
p25_orig_selfenh_or1227,Self_enhancing,embarrassment
p18_orig_selfenh_or922,Self_enhancing,embarrassment
p01_orig_selfenh_or939,Self_enhancing,embarrassment
p05_orig_selfenh_or786,Self_enhancing,embarrassment
p21_orig_selfenh_or204,Self_enhancing,embarrassment
p46_orig_selfenh_or294,Self_enhancing,embarrassment
p04_orig_selfenh_or1347,Self_enhancing,embarrassment
p14_orig_selfenh_or893,Self_enhancing,embarrassment
p15_orig_selfenh_or1055,Self_enhancing,embarrassment
p15_orig_selfdep_or1049,Self_deprecating,joy
p02_orig_selfdep_or1133,Self_deprecating,joy
p28_orig_selfdep_or459,Self_deprecating,joy
p21_orig_selfdep_or378,Self_deprecating,joy
p36_orig_selfdep_or435,Self_deprecating,joy
p22_orig_selfdep_or1175,Self_deprecating,joy
p41_orig_selfdep_or273,Self_deprecating,joy
p39_orig_selfdep_or842,Self_deprecating,joy
p10_orig_selfdep_or951,Self_deprecating,joy
p41_orig_selfdep_or328,Self_deprecating,joy
p44_orig_selfdep_or554,Self_deprecating,joy
p17_orig_selfdep_or392,Self_deprecating,joy
p39_orig_selfdep_or832,Self_deprecating,joy
p12_orig_selfdep_or469,Self_deprecating,joy
p37_orig_selfdep_or584,Self_deprecating,joy
p08_orig_selfdep_or1428,Self_deprecating,anger
p42_orig_selfdep_or286,Self_deprecating,anger
p02_orig_selfdep_or877,Self_deprecating,anger
p36_orig_selfdep_or789,Self_deprecating,anger
p38_orig_selfdep_or521,Self_deprecating,anger
p23_orig_selfdep_or1195,Self_deprecating,anger
p46_orig_selfdep_or247,Self_deprecating,anger
p15_orig_selfdep_or458,Self_deprecating,anger
p14_orig_selfdep_or1021,Self_deprecating,anger
p11_orig_selfdep_or654,Self_deprecating,anger
p23_orig_selfdep_or198,Self_deprecating,anger
p19_orig_selfdep_or300,Self_deprecating,anger
p26_orig_selfdep_or822,Self_deprecating,anger
p45_orig_selfdep_or639,Self_deprecating,anger
p01_orig_selfdep_or932,Self_deprecating,anger
p03_orig_selfdep_or1230,Self_deprecating,embarrassment
p39_orig_selfdep_or261,Self_deprecating,embarrassment
p09_orig_selfdep_or1453,Self_deprecating,embarrassment
p08_orig_selfdep_or518,Self_deprecating,embarrassment
p10_orig_selfdep_or174,Self_deprecating,embarrassment
p05_orig_selfdep_or1373,Self_deprecating,embarrassment
p40_orig_selfdep_or1360,Self_deprecating,embarrassment
p35_orig_selfdep_or1334,Self_deprecating,embarrassment
p13_orig_selfdep_or135,Self_deprecating,embarrassment
p03_orig_selfdep_or1242,Self_deprecating,embarrassment
p39_orig_selfdep_or756,Self_deprecating,embarrassment
p16_orig_selfdep_or481,Self_deprecating,embarrassment
p05_orig_selfdep_or755,Self_deprecating,embarrassment
p34_orig_selfdep_or340,Self_deprecating,embarrassment
p35_orig_selfdep_or117,Self_deprecating,embarrassment
p29_orig_selfdep_or272,Self_deprecating,embarrassment
p11_orig_selfdep_or515,Self_deprecating,embarrassment
p32_orig_selfdep_or279,Self_deprecating,embarrassment
p38_orig_selfdep_or33,Self_deprecating,embarrassment
p35_orig_selfdep_or1322,Self_deprecating,embarrassment
p21_orig_selfdep_or454,Self_deprecating,embarrassment
p34_orig_selfdep_or1315,Self_deprecating,embarrassment
p26_orig_selfdep_or244,Self_deprecating,embarrassment
p41_orig_selfdep_or176,Self_deprecating,embarrassment
p17_orig_selfdep_or1084,Self_deprecating,embarrassment
p21_orig_selfdep_or256,Self_deprecating,embarrassment
p37_orig_selfdep_or869,Self_deprecating,embarrassment
p26_orig_selfdep_or499,Self_deprecating,embarrassment
p25_orig_selfdep_or556,Self_deprecating,embarrassment
p17_orig_selfdep_or1079,Self_deprecating,embarrassment
p49_orig_selfdep_or160,Self_deprecating,embarrassment
p19_orig_selfdep_or1122,Self_deprecating,embarrassment
p06_orig_selfdep_or1388,Self_deprecating,embarrassment
p41_orig_selfdep_or797,Self_deprecating,embarrassment
p18_orig_selfdep_or920,Self_deprecating,embarrassment
p30_orig_selfdep_or658,Self_deprecating,embarrassment
p34_orig_selfdep_or778,Self_deprecating,embarrassment
p30_orig_selfdep_or1268,Self_deprecating,embarrassment
p14_orig_selfdep_or1027,Self_deprecating,embarrassment
p17_orig_selfdep_or475,Self_deprecating,embarrassment
p39_orig_selfdep_or344,Self_deprecating,embarrassment
p23_orig_selfdep_or1203,Self_deprecating,embarrassment
p11_orig_selfdep_or968,Self_deprecating,embarrassment
p48_orig_selfdep_or70,Self_deprecating,embarrassment
p33_orig_selfdep_or840,Self_deprecating,embarrassment
p31_orig_selfdep_or709,Self_deprecating,embarrassment
p20_orig_selfdep_or1160,Self_deprecating,embarrassment
p35_orig_selfdep_or1324,Self_deprecating,embarrassment
p47_orig_selfdep_or234,Self_deprecating,embarrassment
p11_orig_selfdep_or982,Self_deprecating,embarrassment
p21_orig_selfdep_or125,Self_deprecating,embarrassment
p26_orig_selfdep_or796,Self_deprecating,embarrassment
p44_orig_selfdep_or240,Self_deprecating,embarrassment
p45_orig_selfdep_or878,Self_deprecating,embarrassment
p40_orig_selfdep_or416,Self_deprecating,embarrassment
p20_orig_selfdep_or1155,Self_deprecating,embarrassment
p18_orig_selfdep_or1103,Self_deprecating,embarrassment
p30_orig_selfdep_or288,Self_deprecating,embarrassment
p44_orig_selfdep_or451,Self_deprecating,embarrassment
p06_orig_selfdep_or1401,Self_deprecating,embarrassment
p31_orig_selfdep_or655,Self_deprecating,embarrassment
p20_orig_selfdep_or1164,Self_deprecating,embarrassment
p37_orig_selfdep_or440,Self_deprecating,embarrassment
p04_orig_selfdep_or1350,Self_deprecating,embarrassment
p49_orig_selfdep_or553,Self_deprecating,embarrassment
p25_orig_selfdep_or162,Self_deprecating,embarrassment
p04_orig_selfdep_or367,Self_deprecating,embarrassment
p25_orig_selfdep_or181,Self_deprecating,embarrassment
p33_orig_selfdep_or1280,Self_deprecating,embarrassment
p44_orig_selfdep_or690,Self_deprecating,embarrassment
p25_orig_selfdep_or289,Self_deprecating,embarrassment
p40_orig_selfdep_or1359,Self_deprecating,embarrassment
p47_orig_selfdep_or899,Self_deprecating,embarrassment
p34_orig_selfdep_or1308,Self_deprecating,embarrassment
p50_orig_selfdep_or808,Self_deprecating,embarrassment
p34_orig_selfdep_or775,Self_deprecating,embarrassment
p46_orig_selfdep_or242,Self_deprecating,embarrassment
p14_orig_selfdep_or894,Self_deprecating,embarrassment
p27_orig_selfdep_or290,Self_deprecating,embarrassment
p50_orig_selfdep_or581,Self_deprecating,embarrassment
p02_orig_selfdep_or1145,Self_deprecating,embarrassment
p28_orig_selfdep_or447,Self_deprecating,embarrassment
p48_orig_selfdep_or742,Self_deprecating,embarrassment
p50_orig_selfdep_or456,Self_deprecating,embarrassment
p49_orig_selfdep_or431,Self_deprecating,embarrassment
p42_orig_selfdep_or569,Self_deprecating,embarrassment
p08_orig_selfdep_or1438,Self_deprecating,embarrassment
p47_orig_selfdep_or665,Self_deprecating,embarrassment
p01_orig_selfdep_or217,Self_deprecating,embarrassment
p25_orig_selfdep_or853,Self_deprecating,embarrassment
p27_orig_selfdep_or258,Self_deprecating,embarrassment
p31_orig_selfdep_or415,Self_deprecating,embarrassment
p23_orig_selfdep_or924,Self_deprecating,embarrassment
p47_orig_selfdep_or706,Self_deprecating,embarrassment
p04_orig_selfdep_or1356,Self_deprecating,embarrassment
p17_orig_selfdep_or776,Self_deprecating,embarrassment
p25_orig_selfdep_or38,Self_deprecating,embarrassment
p13_orig_selfdep_or370,Self_deprecating,embarrassment
p03_orig_selfdep_or1233,Self_deprecating,embarrassment
p22_orig_selfdep_or1182,Self_deprecating,embarrassment
p11_orig_selfdep_or975,Self_deprecating,embarrassment
p36_orig_selfdep_or434,Self_deprecating,embarrassment
p10_orig_selfdep_or449,Self_deprecating,embarrassment
p41_orig_selfdep_or201,Self_deprecating,embarrassment
p45_orig_selfdep_or886,Self_deprecating,embarrassment
p49_orig_selfdep_or363,Self_deprecating,embarrassment
p38_orig_selfdep_or795,Self_deprecating,embarrassment
p12_orig_selfdep_or999,Self_deprecating,embarrassment
p07_orig_selfdep_or1414,Self_deprecating,embarrassment
p09_orig_selfdep_or364,Self_deprecating,embarrassment
p38_orig_selfdep_or813,Self_deprecating,embarrassment
p25_orig_selfdep_or585,Self_deprecating,embarrassment
p41_orig_selfdep_or1361,Self_deprecating,embarrassment
p31_orig_selfdep_or221,Self_deprecating,superiority
p47_orig_selfdep_or222,Self_deprecating,superiority
p10_orig_selfdep_or954,Self_deprecating,superiority
p06_orig_selfdep_or443,Self_deprecating,superiority
p49_orig_selfdep_or535,Self_deprecating,superiority
p10_orig_selfdep_or907,Self_deprecating,superiority
p50_orig_selfdep_or382,Self_deprecating,superiority
p20_orig_selfdep_or215,Self_deprecating,superiority
p22_orig_selfdep_or241,Self_deprecating,empathy
p22_orig_selfdep_or1187,Self_deprecating,empathy
p41_orig_selfdep_or252,Self_deprecating,empathy
p19_orig_selfdep_or332,Self_deprecating,empathy
p16_orig_selfdep_or1058,Self_deprecating,empathy
p15_orig_selfdep_or385,Self_deprecating,empathy
p13_orig_selfdep_or1013,Self_deprecating,empathy
p13_orig_selfdep_or426,Self_deprecating,empathy
p16_orig_selfdep_or221,Self_deprecating,empathy
p49_orig_selfdep_or719,Self_deprecating,empathy
p24_orig_selfdep_or313,Self_deprecating,empathy
p14_orig_selfdep_or220,Self_deprecating,empathy
p29_orig_selfdep_or347,Self_deprecating,empathy
p32_orig_selfdep_or210,Self_deprecating,empathy
p13_orig_selfdep_or254,Self_deprecating,empathy
p02_orig_selfdep_or1130,Self_deprecating,empathy
p43_orig_selfdep_or436,Self_deprecating,empathy
p24_orig_selfdep_or365,Self_deprecating,empathy
p47_orig_selfdep_or900,Self_deprecating,empathy
p24_orig_selfdep_or140,Self_deprecating,empathy
p15_orig_selfdep_or280,Self_deprecating,empathy
p42_orig_selfdep_or307,Self_deprecating,empathy
p48_orig_selfdep_or770,Self_deprecating,empathy
p07_orig_selfdep_or880,Self_deprecating,empathy
p07_orig_selfdep_or507,Self_deprecating,empathy
p36_orig_selfdep_or634,Self_deprecating,empathy
p08_orig_selfdep_or1442,Self_deprecating,empathy
p01_orig_selfdep_or452,Self_deprecating,empathy
p09_orig_selfdep_or1447,Self_deprecating,empathy
p16_orig_selfdep_or1060,Self_deprecating,empathy
p45_orig_selfdep_or271,Self_deprecating,empathy
p19_orig_selfdep_or1113,Self_deprecating,empathy
p12_orig_selfdep_or989,Self_deprecating,empathy
p41_orig_selfdep_or844,Self_deprecating,empathy
p22_orig_selfdep_or1183,Self_deprecating,empathy
p13_orig_selfdep_or1018,Self_deprecating,neutral
p19_orig_selfdep_or121,Self_deprecating,neutral
p45_orig_selfdep_or887,Self_deprecating,neutral
p29_orig_selfdep_or282,Self_deprecating,neutral
p30_orig_selfdep_or1264,Self_deprecating,neutral
p36_orig_selfdep_or63,Self_deprecating,neutral
p08_orig_selfdep_or101,Self_deprecating,neutral
p05_orig_selfdep_or239,Self_deprecating,neutral
p10_orig_selfdep_or963,Self_deprecating,neutral
p14_orig_selfdep_or1035,Self_deprecating,neutral
p04_orig_selfdep_or1346,Self_deprecating,neutral
p44_orig_selfdep_or599,Self_deprecating,neutral
p18_orig_selfdep_or1096,Self_deprecating,neutral
p30_orig_selfdep_or1257,Self_deprecating,neutral
p05_orig_selfdep_or784,Self_deprecating,neutral
p18_orig_selfdep_or1092,Self_deprecating,neutral
p31_orig_selfdep_or295,Self_deprecating,neutral
p45_orig_selfdep_or439,Self_deprecating,neutral
p07_orig_selfdep_or1409,Self_deprecating,neutral
p06_orig_selfdep_or351,Self_deprecating,neutral
p13_orig_selfdep_or926,Self_deprecating,neutral
p12_orig_selfdep_or224,Self_deprecating,neutral
p43_orig_selfdep_or865,Self_deprecating,neutral
p24_orig_selfdep_or1215,Self_deprecating,neutral
p30_orig_selfdep_or1252,Self_deprecating,neutral
p47_orig_selfdep_or671,Self_deprecating,neutral
p24_orig_selfdep_or278,Self_deprecating,neutral
p29_rep2_diff_neutral_or491,Neutral,anger
p43_rep2_diff_neutral_or111,Neutral,anger
p50_rep2_diff_neutral_or51,Neutral,anger
p31_rep2_diff_neutral_or189,Neutral,anger
p42_rep2_diff_neutral_or636,Neutral,anger
p43_rep2_diff_neutral_or384,Neutral,anger
p48_rep2_diff_neutral_or526,Neutral,empathy
p46_rep2_diff_neutral_or31,Neutral,empathy
p26_rep2_diff_neutral_or601,Neutral,empathy
p30_rep2_diff_neutral_or371,Neutral,empathy
p32_rep2_diff_neutral_or400,Neutral,empathy
p25_rep2_same_neutral_or432,Neutral,empathy
p25_rep2_same_neutral_or139,Neutral,empathy
p40_rep2_diff_neutral_or418,Neutral,empathy
p47_rep2_diff_neutral_or782,Neutral,empathy
p32_rep2_diff_neutral_or381,Neutral,empathy
p39_rep2_diff_neutral_or565,Neutral,empathy
p48_rep2_diff_neutral_or488,Neutral,superiority
p32_rep2_diff_neutral_or471,Neutral,superiority
p26_rep2_diff_neutral_or154,Neutral,neutral
p31_rep2_same_neutral_or855,Neutral,neutral
p41_rep2_diff_neutral_or849,Neutral,neutral
p47_rep2_diff_neutral_or511,Neutral,neutral
p36_rep2_diff_neutral_or918,Neutral,neutral
p25_rep2_diff_neutral_or843,Neutral,neutral
p45_rep2_diff_neutral_or496,Neutral,neutral
p27_rep2_diff_neutral_or527,Neutral,neutral
p29_rep2_diff_neutral_or605,Neutral,neutral
p31_rep2_same_neutral_or860,Neutral,neutral
p29_rep2_diff_neutral_or492,Neutral,neutral
p49_rep2_diff_neutral_or161,Neutral,neutral
p30_rep2_diff_neutral_or549,Neutral,neutral
p38_rep2_diff_neutral_or4,Neutral,neutral
p49_rep2_diff_neutral_or734,Neutral,neutral
p28_rep2_diff_neutral_or558,Neutral,neutral
p38_rep2_diff_neutral_or487,Neutral,neutral
p43_rep2_diff_neutral_or864,Neutral,neutral
p50_rep2_diff_neutral_or702,Neutral,neutral
p38_rep2_diff_neutral_or818,Neutral,neutral
p26_rep2_diff_neutral_or807,Neutral,neutral
p50_rep2_diff_neutral_or429,Neutral,neutral
p49_rep2_diff_neutral_or411,Neutral,neutral
p48_rep2_diff_neutral_or495,Neutral,neutral
p37_rep2_diff_neutral_or615,Neutral,neutral
p38_rep2_diff_neutral_or675,Neutral,neutral
p25_rep2_same_neutral_or514,Neutral,neutral
p49_rep2_diff_neutral_or600,Neutral,neutral
p44_rep2_diff_neutral_or47,Neutral,neutral
p41_rep2_diff_neutral_or195,Neutral,neutral
p37_rep2_diff_neutral_or660,Neutral,neutral
p42_rep2_diff_neutral_or45,Neutral,neutral
p50_rep2_diff_neutral_or914,Neutral,neutral
p43_rep2_diff_neutral_or859,Neutral,neutral
p44_rep2_diff_neutral_or582,Neutral,neutral
p28_rep2_diff_neutral_or171,Neutral,neutral
p31_rep2_same_neutral_or100,Neutral,neutral
p40_rep2_diff_neutral_or805,Neutral,neutral
p50_rep2_diff_neutral_or80,Neutral,neutral
p49_rep2_diff_neutral_or901,Neutral,neutral
p47_rep2_diff_neutral_or127,Neutral,neutral
p40_rep2_diff_neutral_or390,Neutral,neutral
p29_rep2_diff_neutral_or428,Neutral,neutral
p45_rep3_diff_neutral_or143,Neutral,neutral
p42_rep2_diff_neutral_or81,Neutral,neutral
p39_rep2_diff_neutral_or562,Neutral,neutral
p39_rep2_diff_neutral_or691,Neutral,neutral
p43_rep2_diff_neutral_or74,Neutral,neutral
p42_rep2_diff_neutral_or2,Neutral,neutral
p43_rep2_diff_neutral_or537,Neutral,neutral
p49_rep2_diff_neutral_or902,Neutral,neutral
p50_rep2_diff_neutral_or419,Neutral,neutral
p31_rep2_same_neutral_or192,Neutral,neutral
p37_rep2_diff_neutral_or517,Neutral,neutral
p45_rep2_diff_neutral_or703,Neutral,neutral
p25_rep2_diff_neutral_or136,Neutral,neutral
p40_rep2_diff_neutral_or850,Neutral,neutral
p40_rep2_diff_neutral_or422,Neutral,neutral
p27_rep2_diff_neutral_or138,Neutral,neutral
p25_rep2_diff_neutral_or848,Neutral,neutral
p40_rep2_diff_neutral_or410,Neutral,neutral
p46_rep2_diff_neutral_or546,Neutral,neutral
p25_rep2_diff_neutral_or39,Neutral,neutral
p49_rep2_diff_neutral_or903,Neutral,neutral
p47_rep2_diff_neutral_or84,Neutral,neutral
p46_rep2_diff_neutral_or170,Neutral,neutral
p48_rep2_diff_neutral_or48,Neutral,neutral
p48_rep2_diff_neutral_or523,Neutral,neutral
p38_rep2_diff_neutral_or829,Neutral,neutral
p26_rep2_diff_neutral_or44,Neutral,neutral
p40_rep2_diff_neutral_or137,Neutral,neutral
p40_rep2_diff_neutral_or193,Neutral,neutral
p45_rep2_diff_neutral_or614,Neutral,neutral
p31_rep2_diff_neutral_or591,Neutral,neutral
p44_rep2_diff_neutral_or77,Neutral,neutral
p39_rep2_diff_neutral_or53,Neutral,neutral
p44_rep2_diff_neutral_or153,Neutral,neutral
p25_rep2_same_neutral_or674,Neutral,neutral
p31_rep2_same_neutral_or78,Neutral,neutral
p47_rep2_diff_neutral_or146,Neutral,neutral
p20_rep2_same_neutral_or1,Neutral,neutral
p39_rep2_diff_neutral_or190,Neutral,joy
p40_rep2_diff_neutral_or579,Neutral,joy
p39_rep2_diff_neutral_or594,Neutral,joy
p31_rep2_same_neutral_or147,Neutral,joy
p43_rep2_diff_neutral_or112,Neutral,joy
p45_rep2_diff_neutral_or414,Neutral,joy
p37_rep2_diff_neutral_or649,Neutral,joy
p46_rep2_diff_neutral_or20,Neutral,joy
p38_rep2_diff_neutral_or643,Neutral,joy
p46_rep2_diff_neutral_or875,Neutral,joy
p45_rep2_diff_neutral_or578,Neutral,joy
p29_rep2_diff_neutral_or87,Neutral,joy
p31_rep2_diff_neutral_or36,Neutral,joy
p44_rep2_diff_neutral_or835,Neutral,joy
p39_rep2_diff_neutral_or648,Neutral,joy
p37_rep2_diff_neutral_or10,Neutral,joy
p25_rep2_same_neutral_or79,Neutral,joy
p44_rep2_diff_aggr_or32,Aggressive,neutral
p39_rep2_diff_aggr_or93,Aggressive,neutral
p48_rep2_diff_aggr_or184,Aggressive,neutral
p14_rep2_same_aggr_or729,Aggressive,empathy
p46_rep2_diff_aggr_or42,Aggressive,empathy
p50_rep2_diff_aggr_or99,Aggressive,empathy
p25_rep2_same_aggr_or23,Aggressive,empathy
p32_rep2_diff_aggr_or720,Aggressive,empathy
p28_rep2_diff_aggr_or442,Aggressive,empathy
p45_rep2_diff_aggr_or263,Aggressive,empathy
p12_rep2_diff_aggr_or677,Aggressive,empathy
p28_rep2_diff_aggr_or628,Aggressive,joy
p48_rep2_diff_aggr_or831,Aggressive,joy
p47_rep2_diff_aggr_or783,Aggressive,joy
p28_rep2_diff_aggr_or692,Aggressive,joy
p44_rep2_diff_aggr_or17,Aggressive,joy
p31_rep2_same_aggr_or862,Aggressive,joy
p41_rep2_diff_aggr_or88,Aggressive,joy
p31_rep2_same_aggr_or563,Aggressive,joy
p37_rep2_diff_aggr_or602,Aggressive,joy
p38_rep2_diff_aggr_or437,Aggressive,superiority
p38_rep2_diff_aggr_or715,Aggressive,superiority
p48_rep2_diff_aggr_or212,Aggressive,superiority
p30_rep2_diff_aggr_or538,Aggressive,superiority
p35_rep2_original_aggr_or838,Aggressive,superiority
p34_rep2_diff_aggr_or249,Aggressive,superiority
p38_rep2_diff_aggr_or164,Aggressive,superiority
p48_rep2_diff_aggr_or607,Aggressive,superiority
p37_rep2_diff_aggr_or493,Aggressive,superiority
p50_rep2_diff_aggr_or913,Aggressive,superiority
p40_rep2_diff_aggr_or858,Aggressive,superiority
p34_rep2_diff_aggr_or837,Aggressive,superiority
p25_rep2_diff_aggr_or746,Aggressive,superiority
p34_rep2_diff_aggr_or388,Aggressive,superiority
p38_rep2_diff_aggr_or72,Aggressive,superiority
p40_rep2_diff_aggr_or608,Aggressive,superiority
p33_rep2_diff_aggr_or752,Aggressive,superiority
p31_rep2_diff_aggr_or339,Aggressive,superiority
p40_rep2_diff_aggr_or251,Aggressive,superiority
p47_rep2_diff_aggr_or737,Aggressive,superiority
p33_rep2_diff_aggr_or302,Aggressive,superiority
p49_rep2_diff_aggr_or118,Aggressive,superiority
p12_rep2_diff_aggr_or296,Aggressive,superiority
p44_rep2_diff_aggr_or739,Aggressive,superiority
p07_rep2_diff_aggr_or13,Aggressive,superiority
p43_rep2_diff_aggr_or67,Aggressive,superiority
p30_rep2_diff_aggr_or699,Aggressive,superiority
p10_rep2_diff_aggr_or187,Aggressive,superiority
p48_rep2_diff_aggr_or318,Aggressive,superiority
p02_rep2_diff_aggr_or62,Aggressive,superiority
p38_rep2_diff_aggr_or640,Aggressive,superiority
p29_rep2_diff_aggr_or11,Aggressive,superiority
p43_rep2_diff_aggr_or748,Aggressive,anger
p27_rep2_diff_aggr_or185,Aggressive,anger
p46_rep2_diff_aggr_or336,Aggressive,anger
p44_rep2_diff_aggr_or304,Aggressive,anger
p42_rep2_diff_aggr_or856,Aggressive,anger
p44_rep2_diff_aggr_or130,Aggressive,anger
p41_rep2_diff_aggr_or662,Aggressive,anger
p30_rep2_diff_aggr_or96,Aggressive,anger
p34_rep2_diff_aggr_or308,Aggressive,anger
p41_rep2_diff_aggr_or741,Aggressive,anger
p30_rep2_diff_aggr_or620,Aggressive,anger
p39_rep2_diff_aggr_or529,Aggressive,anger
p28_rep2_diff_aggr_or155,Aggressive,anger
p30_rep2_diff_aggr_or530,Aggressive,anger
p42_rep2_diff_aggr_or260,Aggressive,anger
p50_rep2_diff_aggr_or297,Aggressive,anger
p25_rep2_same_aggr_or682,Aggressive,anger
p25_rep2_diff_aggr_or847,Aggressive,anger
p27_rep2_diff_aggr_or749,Aggressive,anger
p32_rep2_diff_aggr_or730,Aggressive,anger
p43_rep2_diff_aggr_or293,Aggressive,anger
p41_rep2_diff_aggr_or857,Aggressive,anger
p26_rep2_diff_aggr_or14,Aggressive,anger
p31_rep2_diff_aggr_or324,Aggressive,anger
p50_rep2_diff_aggr_or223,Aggressive,anger
p43_rep2_diff_aggr_or723,Aggressive,anger
p42_rep2_diff_aggr_or751,Aggressive,anger
p47_rep2_diff_aggr_or169,Aggressive,anger
p43_rep2_diff_aggr_or131,Aggressive,anger
p32_rep2_diff_aggr_or108,Aggressive,anger
p27_rep2_same_aggr_or684,Aggressive,anger
p38_rep2_diff_aggr_or34,Aggressive,anger
p47_rep2_diff_aggr_or237,Aggressive,anger
p11_rep2_diff_aggr_or735,Aggressive,anger
p25_rep2_same_aggr_or821,Aggressive,anger
p47_rep2_diff_aggr_or736,Aggressive,anger
p40_rep2_diff_aggr_or397,Aggressive,anger
p48_rep2_diff_aggr_or387,Aggressive,anger
p25_rep2_diff_aggr_or402,Aggressive,anger
p42_rep2_diff_aggr_or310,Aggressive,anger
p31_rep3_diff_aggr_or684,Aggressive,anger
p42_rep2_same_aggr_or345,Aggressive,anger
p47_rep2_diff_aggr_or374,Aggressive,anger
p36_rep2_diff_aggr_or50,Aggressive,anger
p35_rep2_diff_aggr_or303,Aggressive,anger
p31_rep2_same_aggr_or211,Aggressive,anger
p46_rep2_diff_aggr_or107,Aggressive,anger
p31_rep2_same_aggr_or478,Aggressive,anger
p44_rep2_diff_aggr_or196,Aggressive,anger
p27_rep2_diff_aggr_or679,Aggressive,anger
p36_rep2_diff_aggr_or663,Aggressive,anger
p39_rep2_diff_aggr_or657,Aggressive,anger
p40_rep2_diff_aggr_or264,Aggressive,anger
p12_rep2_diff_aggr_or356,Aggressive,anger
p25_rep2_same_aggr_or315,Aggressive,anger
p26_rep2_diff_aggr_or555,Aggressive,anger
p25_rep2_diff_aggr_or726,Aggressive,anger
p11_rep2_diff_aggr_or876,Aggressive,anger
p49_rep2_diff_aggr_or259,Aggressive,anger
p45_rep2_diff_aggr_or404,Aggressive,anger
p46_rep2_diff_aggr_or444,Aggressive,anger
p41_rep2_diff_aggr_or543,Aggressive,anger
p42_rep2_diff_aggr_or165,Aggressive,anger
p27_rep2_diff_aggr_or653,Aggressive,anger
p50_rep2_diff_aggr_or724,Aggressive,anger
p33_rep2_diff_aggr_or740,Aggressive,anger
p43_rep2_diff_aggr_or309,Aggressive,embarrassment
p44_rep2_diff_aggr_or630,Aggressive,embarrassment
p44_rep2_diff_aggr_or446,Aggressive,embarrassment
p26_rep2_diff_aggr_or725,Aggressive,embarrassment
p50_rep2_diff_aggr_or667,Aggressive,embarrassment
p25_rep2_same_aggr_or626,Aggressive,embarrassment
p01_rep2_diff_affil_or457,Affiliative,anger
p46_rep2_diff_affil_or126,Affiliative,anger
p01_rep3_diff_affil_or457,Affiliative,anger
p46_rep2_diff_affil_or379,Affiliative,anger
p25_rep2_diff_affil_or420,Affiliative,anger
p31_rep2_diff_affil_or399,Affiliative,anger
p31_rep2_diff_affil_or208,Affiliative,anger
p39_rep2_diff_affil_or534,Affiliative,anger
p50_rep2_diff_affil_or159,Affiliative,anger
p36_rep2_diff_affil_or825,Affiliative,anger
p21_rep2_same_affil_or8,Affiliative,anger
p47_rep2_diff_affil_or597,Affiliative,joy
p42_rep2_diff_affil_or490,Affiliative,joy
p38_rep2_diff_affil_or566,Affiliative,joy
p44_rep2_diff_affil_or91,Affiliative,joy
p39_rep2_diff_affil_or327,Affiliative,joy
p45_rep2_diff_affil_or694,Affiliative,joy
p33_rep2_diff_affil_or801,Affiliative,joy
p29_rep2_diff_affil_or113,Affiliative,joy
p20_rep2_same_affil_or43,Affiliative,joy
p28_rep2_diff_affil_or445,Affiliative,joy
p33_rep2_diff_affil_or129,Affiliative,joy
p47_rep2_diff_affil_or473,Affiliative,joy
p40_rep2_diff_affil_or728,Affiliative,joy
p25_rep2_diff_affil_or687,Affiliative,joy
p27_rep2_diff_affil_or180,Affiliative,joy
p33_rep2_diff_affil_or284,Affiliative,joy
p10_rep2_diff_affil_or41,Affiliative,joy
p29_rep2_diff_affil_or214,Affiliative,joy
p50_rep2_diff_affil_or149,Affiliative,joy
p48_rep2_diff_affil_or680,Affiliative,joy
p49_rep2_diff_affil_or895,Affiliative,joy
p30_rep2_diff_affil_or701,Affiliative,joy
p30_rep2_diff_affil_or92,Affiliative,joy
p42_rep2_diff_affil_or547,Affiliative,joy
p40_rep2_diff_affil_or568,Affiliative,joy
p47_rep2_diff_affil_or105,Affiliative,joy
p40_rep2_diff_affil_or373,Affiliative,joy
p41_rep2_diff_affil_or686,Affiliative,joy
p41_rep2_diff_affil_or596,Affiliative,joy
p07_rep2_diff_affil_or617,Affiliative,joy
p42_rep2_diff_affil_or685,Affiliative,joy
p38_rep2_diff_affil_or625,Affiliative,joy
p46_rep2_diff_affil_or618,Affiliative,joy
p40_rep2_original_affil_or806,Affiliative,joy
p07_rep2_diff_affil_or292,Affiliative,joy
p45_rep2_diff_affil_or810,Affiliative,joy
p40_rep2_diff_affil_or183,Affiliative,joy
p26_rep2_diff_affil_or642,Affiliative,joy
p31_rep2_same_affil_or483,Affiliative,joy
p47_rep2_diff_affil_or12,Affiliative,joy
p39_rep2_diff_affil_or583,Affiliative,joy
p31_rep2_same_affil_or191,Affiliative,joy
p37_rep2_diff_affil_or65,Affiliative,joy
p43_rep2_diff_affil_or809,Affiliative,joy
p37_rep2_diff_affil_or320,Affiliative,joy
p44_rep2_diff_affil_or116,Affiliative,joy
p39_rep2_diff_affil_or595,Affiliative,joy
p43_rep2_diff_affil_or622,Affiliative,joy
p47_rep2_diff_affil_or542,Affiliative,joy
p42_rep2_diff_affil_or802,Affiliative,joy
p50_rep2_diff_affil_or911,Affiliative,joy
p40_rep2_diff_affil_or424,Affiliative,joy
p42_rep2_diff_affil_or262,Affiliative,joy
p45_rep2_diff_affil_or800,Affiliative,joy
p09_rep2_same_affil_or15,Affiliative,joy
p44_rep2_diff_affil_or704,Affiliative,empathy
p14_rep2_same_affil_or68,Affiliative,empathy
p48_rep2_diff_affil_or106,Affiliative,empathy
p07_rep2_diff_affil_or71,Affiliative,empathy
p38_rep2_diff_affil_or798,Affiliative,empathy
p32_rep2_diff_affil_or611,Affiliative,empathy
p26_rep2_diff_affil_or188,Affiliative,empathy
p35_rep2_diff_affil_or148,Affiliative,empathy
p25_rep2_diff_affil_or412,Affiliative,empathy
p35_rep2_diff_affil_or804,Affiliative,empathy
p46_rep2_diff_affil_or405,Affiliative,empathy
p36_rep2_diff_affil_or811,Affiliative,empathy
p34_rep2_diff_affil_or150,Affiliative,empathy
p46_rep2_diff_affil_or794,Affiliative,empathy
p25_rep2_diff_affil_or425,Affiliative,empathy
p37_rep2_diff_affil_or467,Affiliative,neutral
p32_rep2_diff_affil_or777,Affiliative,neutral
p36_rep2_diff_affil_or450,Affiliative,neutral
p50_rep2_diff_affil_or89,Affiliative,neutral
p47_rep2_diff_affil_or646,Affiliative,neutral
p25_rep2_same_affil_or624,Affiliative,neutral
p49_rep2_diff_affil_or90,Affiliative,neutral
p26_rep2_diff_affil_or9,Affiliative,neutral
p37_rep2_diff_affil_or676,Affiliative,superiority
p25_rep2_same_affil_or46,Affiliative,superiority
p38_rep2_diff_affil_or593,Affiliative,superiority
p30_rep2_diff_affil_or49,Affiliative,superiority
p19_rep2_diff_affil_or644,Affiliative,superiority
p07_rep2_diff_affil_or464,Affiliative,superiority
p41_rep2_diff_affil_or815,Affiliative,superiority
p48_rep2_diff_affil_or172,Affiliative,superiority
p41_rep2_diff_affil_or683,Affiliative,embarrassment
p29_rep2_diff_affil_or246,Affiliative,embarrassment
p46_rep2_diff_affil_or698,Affiliative,embarrassment
p25_rep2_same_affil_or104,Affiliative,embarrassment
p31_rep2_same_affil_or824,Affiliative,embarrassment
p25_rep2_same_affil_or820,Affiliative,embarrassment
p30_rep2_diff_selfenh_or25,Self_enhancing,anger
p47_rep2_diff_selfenh_or757,Self_enhancing,anger
p50_rep2_diff_selfenh_or713,Self_enhancing,anger
p28_rep2_diff_selfenh_or557,Self_enhancing,anger
p47_rep2_diff_selfenh_or406,Self_enhancing,anger
p41_rep2_diff_selfenh_or574,Self_enhancing,joy
p40_rep2_diff_selfenh_or341,Self_enhancing,joy
p46_rep2_diff_selfenh_or334,Self_enhancing,joy
p31_rep2_diff_selfenh_or502,Self_enhancing,joy
p41_rep2_diff_selfenh_or228,Self_enhancing,joy
p25_rep2_diff_selfenh_or306,Self_enhancing,joy
p19_rep2_diff_selfenh_or504,Self_enhancing,joy
p33_rep2_diff_selfenh_or466,Self_enhancing,joy
p41_rep2_diff_selfenh_or266,Self_enhancing,joy
p37_rep2_diff_selfenh_or216,Self_enhancing,joy
p34_rep2_diff_selfenh_or773,Self_enhancing,joy
p39_rep2_diff_selfenh_or59,Self_enhancing,joy
p39_rep2_diff_selfenh_or484,Self_enhancing,joy
p41_rep2_diff_selfenh_or82,Self_enhancing,joy
p39_rep2_diff_selfenh_or613,Self_enhancing,joy
p48_rep2_diff_selfenh_or358,Self_enhancing,joy
p39_rep2_diff_selfenh_or480,Self_enhancing,joy
p50_rep2_diff_selfenh_or762,Self_enhancing,joy
p28_rep2_diff_selfenh_or544,Self_enhancing,joy
p45_rep2_diff_selfenh_or199,Self_enhancing,joy
p42_rep2_diff_selfenh_or267,Self_enhancing,joy
p42_rep2_diff_selfenh_or145,Self_enhancing,joy
p30_rep2_diff_selfenh_or275,Self_enhancing,joy
p43_rep2_diff_selfenh_or745,Self_enhancing,joy
p40_rep2_diff_selfenh_or202,Self_enhancing,joy
p33_rep2_diff_selfenh_or506,Self_enhancing,joy
p44_rep2_diff_selfenh_or29,Self_enhancing,joy
p30_rep2_diff_selfenh_or265,Self_enhancing,joy
p35_rep2_diff_selfenh_or230,Self_enhancing,joy
p36_rep2_diff_selfenh_or845,Self_enhancing,joy
p31_rep2_diff_selfenh_or874,Self_enhancing,joy
p42_rep2_same_selfenh_or833,Self_enhancing,joy
p50_rep2_diff_selfenh_or541,Self_enhancing,joy
p37_rep2_diff_selfenh_or846,Self_enhancing,joy
p25_rep2_diff_selfenh_or767,Self_enhancing,neutral
p39_rep2_diff_selfenh_or55,Self_enhancing,neutral
p30_rep2_diff_selfenh_or532,Self_enhancing,neutral
p38_rep2_diff_selfenh_or823,Self_enhancing,neutral
p43_rep2_diff_selfenh_or231,Self_enhancing,neutral
p31_rep2_same_selfenh_or376,Self_enhancing,neutral
p39_rep2_diff_selfenh_or352,Self_enhancing,neutral
p42_rep2_diff_selfenh_or417,Self_enhancing,neutral
p38_rep2_diff_selfenh_or398,Self_enhancing,empathy
p36_rep2_diff_selfenh_or476,Self_enhancing,empathy
p03_rep2_diff_selfenh_or6,Self_enhancing,empathy
p38_rep2_diff_selfenh_or576,Self_enhancing,empathy
p46_rep2_diff_selfenh_or891,Self_enhancing,empathy
p31_rep2_same_selfenh_or338,Self_enhancing,empathy
p36_rep2_diff_selfenh_or52,Self_enhancing,empathy
p12_rep2_diff_selfenh_or357,Self_enhancing,empathy
p38_rep2_diff_selfenh_or494,Self_enhancing,empathy
p43_rep2_diff_selfenh_or528,Self_enhancing,empathy
p31_rep2_same_selfenh_or120,Self_enhancing,empathy
p28_rep2_diff_selfenh_or612,Self_enhancing,empathy
p07_rep2_diff_selfenh_or102,Self_enhancing,empathy
p25_rep2_same_selfenh_or573,Self_enhancing,empathy
p46_rep2_diff_selfenh_or890,Self_enhancing,empathy
p36_rep2_diff_selfenh_or123,Self_enhancing,empathy
p14_rep2_same_selfenh_or360,Self_enhancing,empathy
p37_rep2_diff_selfenh_or830,Self_enhancing,empathy
p47_rep2_diff_selfenh_or144,Self_enhancing,empathy
p39_rep2_diff_selfenh_or156,Self_enhancing,empathy
p36_rep2_diff_selfenh_or834,Self_enhancing,empathy
p46_rep2_diff_selfenh_or396,Self_enhancing,empathy
p32_rep2_diff_selfenh_or114,Self_enhancing,empathy
p46_rep2_diff_selfenh_or714,Self_enhancing,empathy
p39_rep2_diff_selfenh_or753,Self_enhancing,empathy
p31_rep2_diff_selfenh_or122,Self_enhancing,empathy
p28_rep2_diff_selfenh_or572,Self_enhancing,empathy
p27_rep2_diff_selfenh_or403,Self_enhancing,empathy
p32_rep2_diff_selfenh_or407,Self_enhancing,empathy
p25_rep2_diff_selfenh_or765,Self_enhancing,superiority
p45_rep2_diff_selfenh_or460,Self_enhancing,superiority
p12_rep2_diff_selfenh_or233,Self_enhancing,superiority
p38_rep2_diff_selfenh_or827,Self_enhancing,superiority
p48_rep2_diff_selfenh_or548,Self_enhancing,superiority
p49_rep2_diff_selfenh_or870,Self_enhancing,superiority
p38_rep2_diff_selfenh_or760,Self_enhancing,superiority
p47_rep2_diff_selfenh_or485,Self_enhancing,superiority
p39_rep2_diff_selfenh_or86,Self_enhancing,superiority
p49_rep3_diff_selfenh_or870,Self_enhancing,superiority
p31_rep2_same_selfenh_or873,Self_enhancing,superiority
p44_rep2_diff_selfenh_or268,Self_enhancing,superiority
p40_rep2_diff_selfenh_or103,Self_enhancing,superiority
p47_rep2_diff_selfenh_or115,Self_enhancing,superiority
p42_rep2_same_selfenh_or346,Self_enhancing,superiority
p36_rep2_diff_selfenh_or508,Self_enhancing,superiority
p11_rep2_diff_selfenh_or721,Self_enhancing,superiority
p28_rep2_diff_selfenh_or226,Self_enhancing,superiority
p45_rep2_diff_selfenh_or764,Self_enhancing,superiority
p49_rep2_diff_selfenh_or897,Self_enhancing,superiority
p33_rep2_diff_selfenh_or83,Self_enhancing,superiority
p29_rep2_diff_selfenh_or666,Self_enhancing,superiority
p48_rep2_diff_selfenh_or349,Self_enhancing,superiority
p48_rep2_diff_selfenh_or503,Self_enhancing,superiority
p47_rep2_diff_selfenh_or781,Self_enhancing,superiority
p49_rep2_diff_selfenh_or229,Self_enhancing,superiority
p50_rep2_diff_selfenh_or912,Self_enhancing,superiority
p47_rep2_diff_selfenh_or395,Self_enhancing,superiority
p26_rep2_diff_selfenh_or851,Self_enhancing,superiority
p38_rep2_diff_selfenh_or759,Self_enhancing,superiority
p40_rep2_diff_selfenh_or206,Self_enhancing,embarrassment
p47_rep2_diff_selfenh_or659,Self_enhancing,embarrassment
p32_rep2_diff_selfenh_or520,Self_enhancing,embarrassment
p14_rep2_same_selfenh_or893,Self_enhancing,embarrassment
p31_rep2_same_selfenh_or243,Self_enhancing,embarrassment
p38_rep2_diff_selfenh_or766,Self_enhancing,embarrassment
p42_rep2_diff_selfenh_or564,Self_enhancing,embarrassment
p44_rep2_diff_selfenh_or294,Self_enhancing,embarrassment
p26_rep2_diff_selfenh_or359,Self_enhancing,embarrassment
p25_rep2_diff_selfenh_or353,Self_enhancing,embarrassment
p41_rep2_diff_selfenh_or570,Self_enhancing,embarrassment
p43_rep2_diff_selfenh_or826,Self_enhancing,embarrassment
p19_rep2_diff_selfdep_or469,Self_deprecating,joy
p46_rep2_diff_selfdep_or554,Self_deprecating,joy
p32_rep2_diff_selfdep_or775,Self_deprecating,joy
p39_rep2_diff_selfdep_or869,Self_deprecating,joy
p40_rep2_diff_selfdep_or340,Self_deprecating,joy
p42_rep2_diff_selfdep_or436,Self_deprecating,joy
p41_rep2_diff_selfdep_or416,Self_deprecating,joy
p39_rep2_diff_selfdep_or584,Self_deprecating,joy
p31_rep2_diff_selfdep_or258,Self_deprecating,joy
p35_rep2_diff_selfdep_or344,Self_deprecating,joy
p50_rep2_diff_selfdep_or244,Self_deprecating,joy
p12_rep2_diff_selfdep_or300,Self_deprecating,joy
p27_rep2_diff_selfdep_or295,Self_deprecating,anger
p43_rep2_diff_selfdep_or844,Self_deprecating,anger
p25_rep2_diff_selfdep_or822,Self_deprecating,anger
p43_rep2_diff_selfdep_or273,Self_deprecating,anger
p25_rep2_diff_selfdep_or586,Self_deprecating,anger
p31_rep2_same_selfdep_or709,Self_deprecating,anger
p49_rep2_diff_selfdep_or899,Self_deprecating,anger
p31_rep2_same_selfdep_or655,Self_deprecating,anger
p38_rep2_diff_selfdep_or434,Self_deprecating,anger
p45_rep2_diff_selfdep_or242,Self_deprecating,anger
p31_rep2_same_selfdep_or415,Self_deprecating,anger
p26_rep2_diff_selfdep_or556,Self_deprecating,anger
p50_rep2_diff_selfdep_or431,Self_deprecating,embarrassment
p46_rep2_diff_selfdep_or240,Self_deprecating,embarrassment
p47_rep2_diff_selfdep_or719,Self_deprecating,embarrassment
p49_rep2_diff_selfdep_or665,Self_deprecating,embarrassment
p49_rep2_diff_selfdep_or900,Self_deprecating,embarrassment
p49_rep2_diff_selfdep_or456,Self_deprecating,embarrassment
p25_rep2_same_selfdep_or162,Self_deprecating,embarrassment
p46_rep2_diff_selfdep_or878,Self_deprecating,embarrassment
p43_rep2_diff_selfdep_or797,Self_deprecating,embarrassment
p25_rep2_same_selfdep_or181,Self_deprecating,embarrassment
p37_rep2_diff_selfdep_or201,Self_deprecating,embarrassment
p37_rep2_diff_selfdep_or795,Self_deprecating,embarrassment
p50_rep2_diff_selfdep_or553,Self_deprecating,embarrassment
p07_rep2_diff_selfdep_or224,Self_deprecating,embarrassment
p29_rep2_diff_selfdep_or288,Self_deprecating,embarrassment
p31_rep2_diff_selfdep_or290,Self_deprecating,embarrassment
p26_rep2_diff_selfdep_or581,Self_deprecating,embarrassment
p26_rep2_diff_selfdep_or808,Self_deprecating,embarrassment
p34_rep2_diff_selfdep_or279,Self_deprecating,embarrassment
p37_rep2_diff_selfdep_or521,Self_deprecating,embarrassment
p40_rep2_diff_selfdep_or842,Self_deprecating,embarrassment
p07_rep2_diff_selfdep_or654,Self_deprecating,embarrassment
p25_rep2_same_selfdep_or853,Self_deprecating,embarrassment
p50_rep2_diff_selfdep_or160,Self_deprecating,embarrassment
p29_rep2_diff_selfdep_or658,Self_deprecating,embarrassment
p32_rep2_diff_selfdep_or778,Self_deprecating,embarrassment
p37_rep2_diff_selfdep_or261,Self_deprecating,embarrassment
p40_rep2_diff_selfdep_or176,Self_deprecating,embarrassment
p40_rep2_diff_selfdep_or756,Self_deprecating,embarrassment
p46_rep2_diff_selfdep_or886,Self_deprecating,embarrassment
p11_rep2_diff_selfdep_or880,Self_deprecating,embarrassment
p11_rep2_diff_selfdep_or507,Self_deprecating,embarrassment
p40_rep3_diff_selfdep_or261,Self_deprecating,embarrassment
p38_rep2_diff_selfdep_or585,Self_deprecating,embarrassment
p50_rep2_diff_selfdep_or499,Self_deprecating,embarrassment
p50_rep2_diff_selfdep_or535,Self_deprecating,embarrassment
p36_rep2_diff_selfdep_or33,Self_deprecating,embarrassment
p40_rep2_diff_selfdep_or832,Self_deprecating,embarrassment
p47_rep2_diff_selfdep_or363,Self_deprecating,embarrassment
p30_rep2_diff_selfdep_or272,Self_deprecating,embarrassment
p34_rep2_diff_selfdep_or117,Self_deprecating,embarrassment
p26_rep2_diff_selfdep_or289,Self_deprecating,embarrassment
p41_rep2_original_selfdep_or819,Self_deprecating,embarrassment
p46_rep2_diff_selfdep_or451,Self_deprecating,embarrassment
p43_rep2_diff_selfdep_or307,Self_deprecating,embarrassment
p45_rep2_diff_selfdep_or247,Self_deprecating,superiority
p26_rep2_diff_selfdep_or382,Self_deprecating,superiority
p43_rep2_diff_selfdep_or328,Self_deprecating,empathy
p32_rep2_diff_selfdep_or435,Self_deprecating,empathy
p44_rep2_diff_selfdep_or770,Self_deprecating,empathy
p03_rep2_diff_selfdep_or135,Self_deprecating,empathy
p43_rep2_diff_selfdep_or252,Self_deprecating,empathy
p32_rep2_diff_selfdep_or634,Self_deprecating,empathy
p13_rep2_diff_selfdep_or140,Self_deprecating,empathy
p17_rep2_diff_selfdep_or877,Self_deprecating,empathy
p35_rep2_diff_selfdep_or840,Self_deprecating,empathy
p46_rep2_diff_selfdep_or887,Self_deprecating,empathy
p48_rep2_diff_selfdep_or706,Self_deprecating,empathy
p14_rep2_same_selfdep_or894,Self_deprecating,empathy
p25_rep2_diff_selfdep_or796,Self_deprecating,empathy
p29_rep2_diff_selfdep_or459,Self_deprecating,empathy
p42_rep2_original_selfdep_or863,Self_deprecating,empathy
p36_rep2_diff_selfdep_or210,Self_deprecating,empathy
p38_rep2_diff_selfdep_or63,Self_deprecating,neutral
p42_rep2_diff_selfdep_or865,Self_deprecating,neutral
p46_rep2_diff_selfdep_or599,Self_deprecating,neutral
p30_rep2_diff_selfdep_or347,Self_deprecating,neutral
p27_rep2_diff_selfdep_or220,Self_deprecating,neutral
p42_rep2_diff_selfdep_or271,Self_deprecating,neutral
p22_rep2_diff_selfdep_or121,Self_deprecating,neutral
p38_rep2_diff_selfdep_or440,Self_deprecating,neutral
p25_rep2_same_selfdep_or38,Self_deprecating,neutral
p38_rep2_diff_selfdep_or789,Self_deprecating,neutral
p37_rep2_diff_selfdep_or813,Self_deprecating,neutral
p21_rep2_same_neutral_or383,Neutral,unknown
p21_rep2_same_neutral_or589,Neutral,unknown
p36_rep2_diff_neutral_or868,Neutral,unknown
p21_rep2_same_neutral_or919,Neutral,unknown
p21_rep2_same_neutral_or394,Neutral,unknown
p41_rep2_diff_neutral_or588,Neutral,unknown
p08_rep2_diff_neutral_or598,Neutral,unknown
p30_rep2_diff_neutral_or143,Neutral,unknown
p21_rep2_same_neutral_or3,Neutral,unknown
p08_rep2_diff_neutral_or69,Neutral,unknown
p28_rep2_diff_neutral_or550,Neutral,unknown
p16_rep2_same_neutral_or168,Neutral,unknown
p16_rep2_diff_neutral_or27,Neutral,unknown
p16_rep2_diff_neutral_or501,Neutral,unknown
p03_rep2_diff_aggr_or669,Aggressive,unknown
p15_rep2_diff_aggr_or790,Aggressive,unknown
p22_rep2_diff_aggr_or177,Aggressive,unknown
p16_rep2_same_aggr_or754,Aggressive,unknown
p21_rep2_diff_aggr_or633,Aggressive,unknown
p02_rep2_diff_aggr_or250,Aggressive,unknown
p06_rep3_same_aggr_or218,Aggressive,unknown
p09_rep2_same_aggr_or179,Aggressive,unknown
p15_rep2_diff_aggr_or697,Aggressive,unknown
p05_rep2_same_aggr_or519,Aggressive,unknown
p13_rep2_diff_aggr_or647,Aggressive,unknown
p21_rep2_same_aggr_or18,Aggressive,unknown
p05_rep2_same_aggr_or236,Aggressive,unknown
p18_rep2_diff_aggr_or909,Aggressive,unknown
p17_rep2_diff_aggr_or906,Aggressive,unknown
p22_rep2_diff_aggr_or632,Aggressive,unknown
p46_rep3_diff_aggr_or679,Aggressive,unknown
p23_rep2_same_aggr_or453,Aggressive,unknown
p15_rep2_diff_aggr_or401,Aggressive,unknown
p22_rep2_diff_aggr_or533,Aggressive,unknown
p14_rep2_same_aggr_or322,Aggressive,unknown
p10_rep2_diff_aggr_or888,Aggressive,unknown
p17_rep2_diff_aggr_or718,Aggressive,unknown
p16_rep2_same_aggr_or325,Aggressive,unknown
p08_rep2_diff_aggr_or731,Aggressive,unknown
p45_rep2_diff_aggr_or468,Aggressive,unknown
p21_rep2_same_aggr_or696,Aggressive,unknown
p04_rep2_same_aggr_or73,Aggressive,unknown
p01_rep2_diff_aggr_or343,Aggressive,unknown
p22_rep2_diff_aggr_or274,Aggressive,unknown
p16_rep2_same_aggr_or205,Aggressive,unknown
p23_rep2_same_aggr_or635,Aggressive,unknown
p06_rep2_same_aggr_or218,Aggressive,unknown
p13_rep2_diff_aggr_or317,Aggressive,unknown
p45_rep2_diff_aggr_or175,Aggressive,unknown
p21_rep2_same_aggr_or747,Aggressive,unknown
p01_rep3_same_aggr_or401,Aggressive,unknown
p13_rep2_same_aggr_or321,Aggressive,unknown
p15_rep2_diff_aggr_or743,Aggressive,unknown
p10_rep2_diff_aggr_or281,Aggressive,unknown
p22_rep2_diff_aggr_or301,Aggressive,unknown
p17_rep2_diff_aggr_or637,Aggressive,unknown
p20_rep2_same_aggr_or331,Aggressive,unknown
p31_rep4_diff_aggr_or679,Aggressive,unknown
p08_rep2_diff_aggr_or650,Aggressive,unknown
p24_rep3_diff_aggr_or321,Aggressive,unknown
p21_rep2_same_aggr_or61,Aggressive,unknown
p20_rep2_same_aggr_or733,Aggressive,unknown
p03_rep2_diff_affil_or16,Affiliative,unknown
p24_rep2_diff_affil_or925,Affiliative,unknown
p15_rep2_diff_affil_or792,Affiliative,unknown
p01_rep2_same_affil_or678,Affiliative,unknown
p19_rep2_diff_affil_or884,Affiliative,unknown
p03_rep2_diff_affil_or631,Affiliative,unknown
p29_rep2_diff_affil_or333,Affiliative,unknown
p24_rep2_diff_affil_or616,Affiliative,unknown
p14_rep2_diff_affil_or540,Affiliative,unknown
p06_rep2_same_affil_or95,Affiliative,unknown
p05_rep2_same_affil_or787,Affiliative,unknown
p08_rep2_diff_affil_or463,Affiliative,unknown
p13_rep2_diff_affil_or892,Affiliative,unknown
p21_rep2_same_affil_or461,Affiliative,unknown
p16_rep2_same_affil_or330,Affiliative,unknown
p49_rep3_diff_affil_or89,Affiliative,unknown
p15_rep3_diff_affil_or678,Affiliative,unknown
p50_rep2_diff_affil_or717,Affiliative,unknown
p09_rep2_same_affil_or500,Affiliative,unknown
p42_rep2_same_affil_or567,Affiliative,unknown
p18_rep2_diff_affil_or209,Affiliative,unknown
p21_rep2_same_affil_or917,Affiliative,unknown
p04_rep2_same_affil_or97,Affiliative,unknown
p13_rep2_diff_affil_or409,Affiliative,unknown
p17_rep2_diff_affil_or132,Affiliative,unknown
p03_rep2_diff_affil_or774,Affiliative,unknown
p06_rep2_same_affil_or477,Affiliative,unknown
p21_rep2_same_affil_or623,Affiliative,unknown
p15_rep2_diff_affil_or708,Affiliative,unknown
p19_rep2_diff_affil_or366,Affiliative,unknown
p20_rep2_same_affil_or375,Affiliative,unknown
p21_rep2_same_affil_or152,Affiliative,unknown
p23_rep2_same_affil_or670,Affiliative,unknown
p18_rep2_diff_affil_or693,Affiliative,unknown
p24_rep2_diff_affil_or927,Affiliative,unknown
p02_rep2_diff_affil_or157,Affiliative,unknown
p10_rep2_diff_affil_or881,Affiliative,unknown
p22_rep2_diff_affil_or921,Affiliative,unknown
p07_rep2_diff_affil_or645,Affiliative,unknown
p16_rep2_same_affil_or512,Affiliative,unknown
p17_rep2_diff_affil_or904,Affiliative,unknown
p23_rep2_same_affil_or695,Affiliative,unknown
p21_rep2_same_selfenh_or525,Self_enhancing,unknown
p05_rep2_same_selfenh_or786,Self_enhancing,unknown
p11_rep2_diff_selfenh_or203,Self_enhancing,unknown
p23_rep2_same_selfenh_or609,Self_enhancing,unknown
p11_rep2_diff_selfenh_or269,Self_enhancing,unknown
p15_rep2_diff_selfenh_or788,Self_enhancing,unknown
p13_rep2_diff_selfenh_or673,Self_enhancing,unknown
p10_rep2_diff_selfenh_or298,Self_enhancing,unknown
p04_rep2_same_selfenh_or287,Self_enhancing,unknown
p18_rep2_diff_selfenh_or883,Self_enhancing,unknown
p09_rep2_same_selfenh_or369,Self_enhancing,unknown
p02_rep2_diff_selfenh_or577,Self_enhancing,unknown
p20_rep2_same_selfenh_or35,Self_enhancing,unknown
p18_rep2_diff_selfenh_or879,Self_enhancing,unknown
p13_rep2_diff_selfenh_or772,Self_enhancing,unknown
p21_rep2_same_selfenh_or329,Self_enhancing,unknown
p21_rep2_same_selfenh_or204,Self_enhancing,unknown
p22_rep2_diff_selfenh_or560,Self_enhancing,unknown
p18_rep2_diff_selfenh_or314,Self_enhancing,unknown
p04_rep2_same_selfenh_or497,Self_enhancing,unknown
p18_rep2_diff_selfenh_or908,Self_enhancing,unknown
p20_rep2_same_selfenh_or710,Self_enhancing,unknown
p02_rep2_diff_selfenh_or326,Self_enhancing,unknown
p03_rep2_diff_selfenh_or470,Self_enhancing,unknown
p06_rep2_same_selfenh_or354,Self_enhancing,unknown
p13_rep2_diff_selfenh_or771,Self_enhancing,unknown
p16_rep2_same_selfenh_or253,Self_enhancing,unknown
p13_rep2_diff_selfenh_or173,Self_enhancing,unknown
p16_rep2_same_selfenh_or619,Self_enhancing,unknown
p18_rep2_diff_selfenh_or276,Self_enhancing,unknown
p05_rep2_same_selfenh_or705,Self_enhancing,unknown
p01_rep2_diff_selfenh_or380,Self_enhancing,unknown
p09_rep2_same_selfenh_or37,Self_enhancing,unknown
p22_rep2_diff_selfenh_or922,Self_enhancing,unknown
p02_rep2_diff_selfenh_or641,Self_enhancing,unknown
p01_rep3_diff_selfenh_or380,Self_enhancing,unknown
p21_rep2_same_selfenh_or225,Self_enhancing,unknown
p09_rep2_same_selfenh_or761,Self_enhancing,unknown
p31_rep2_same_selfenh_or545,Self_enhancing,unknown
p29_rep2_diff_selfenh_or561,Self_enhancing,unknown
p04_rep2_same_selfdep_or367,Self_deprecating,unknown
p18_rep2_diff_selfdep_or449,Self_deprecating,unknown
p05_rep4_same_selfdep_or239,Self_deprecating,unknown
p48_rep2_diff_selfdep_or234,Self_deprecating,unknown
p08_rep2_diff_selfdep_or458,Self_deprecating,unknown
p23_rep2_same_selfdep_or198,Self_deprecating,unknown
p10_rep2_diff_selfdep_or278,Self_deprecating,unknown
p24_rep2_diff_selfdep_or254,Self_deprecating,unknown
p48_rep2_diff_selfdep_or671,Self_deprecating,unknown
p18_rep2_diff_selfdep_or907,Self_deprecating,unknown
p21_rep2_same_selfdep_or454,Self_deprecating,unknown
p09_rep2_same_selfdep_or364,Self_deprecating,unknown
p01_rep2_same_selfdep_or452,Self_deprecating,unknown
p02_rep2_diff_selfdep_or518,Self_deprecating,unknown
p28_rep2_diff_selfdep_or282,Self_deprecating,unknown
p48_rep2_diff_selfdep_or222,Self_deprecating,unknown
p42_rep2_diff_selfdep_or439,Self_deprecating,unknown
p02_rep2_diff_selfdep_or392,Self_deprecating,unknown
p13_rep2_diff_selfdep_or365,Self_deprecating,unknown
p21_rep2_same_selfdep_or256,Self_deprecating,unknown
p08_rep2_diff_selfdep_or385,Self_deprecating,unknown
p13_rep2_same_selfdep_or426,Self_deprecating,unknown
p14_rep2_diff_selfdep_or221,Self_deprecating,unknown
p19_rep2_diff_selfdep_or241,Self_deprecating,unknown
p05_rep2_same_selfdep_or755,Self_deprecating,unknown
p05_rep2_same_selfdep_or784,Self_deprecating,unknown
p16_rep2_same_selfdep_or481,Self_deprecating,unknown
p03_rep2_diff_selfdep_or776,Self_deprecating,unknown
p15_rep2_diff_selfdep_or217,Self_deprecating,unknown
p33_rep2_diff_selfdep_or515,Self_deprecating,unknown
p10_rep2_diff_selfdep_or313,Self_deprecating,unknown
p21_rep2_same_selfdep_or125,Self_deprecating,unknown
p42_rep2_diff_selfdep_or639,Self_deprecating,unknown
p20_rep2_same_selfdep_or215,Self_deprecating,unknown
p48_rep2_diff_selfdep_or690,Self_deprecating,unknown
p05_rep2_same_selfdep_or239,Self_deprecating,unknown
p22_rep2_diff_selfdep_or920,Self_deprecating,unknown
p47_rep2_diff_selfdep_or742,Self_deprecating,unknown
p45_rep2_diff_selfdep_or569,Self_deprecating,unknown
p21_rep2_same_selfdep_or378,Self_deprecating,unknown
p23_rep2_same_selfdep_or924,Self_deprecating,unknown
p29_rep2_diff_selfdep_or447,Self_deprecating,unknown
p03_rep2_diff_selfdep_or370,Self_deprecating,unknown
p24_rep2_diff_selfdep_or926,Self_deprecating,unknown
p06_rep2_same_selfdep_or443,Self_deprecating,unknown
p08_rep2_diff_selfdep_or280,Self_deprecating,unknown
p02_rep2_diff_selfdep_or101,Self_deprecating,unknown
p44_rep2_diff_selfdep_or70,Self_deprecating,unknown
p16_rep4_same_selfdep_or221,Self_deprecating,unknown
p03_rep2_diff_selfdep_or475,Self_deprecating,unknown
p18_rep2_diff_selfdep_or174,Self_deprecating,unknown
p45_rep2_diff_selfdep_or286,Self_deprecating,unknown
p06_rep2_same_selfdep_or351,Self_deprecating,unknown
p12_rep2_diff_selfdep_or332,Self_deprecating,unknown
